,date,daytime,weekday,holiday,h_type,weather,temp,angbutter,plain bread,jam,americano,croissant,caffe latte,tiramisu croissant,cacao deep,pain au chocolat,almond croissant,croque monsieur,mad garlic,milk tea,gateau chocolat,pandoro,cheese cake,lemon ade,orange pound,wiener,vanila latte,berry ade,tiramisu,merinque cookies
0,2019-07-11,2,3,0,0,2,22.0,2.0,0.0,0.0,1.0,0.0,0.0,4.0,0.0,0.0,0.0,0.0,0.0,0.0,0.0,0.0,0.0,0.0,1.0,0.0,1.0,0.0,0.0,0.0
1,2019-07-12,1,4,0,0,1,23.8,0.0,0.0,0.0,0.0,0.0,0.0,14.0,0.0,0.0,0.0,0.0,0.0,0.0,0.0,0.0,0.0,0.0,0.0,0.0,0.0,0.0,0.0,0.0
2,2019-07-13,1,5,0,0,2,25.1,4.0,1.0,0.0,0.0,0.0,0.0,1.0,0.0,0.0,0.0,0.0,0.0,1.0,0.0,0.0,0.0,0.0,0.0,0.0,2.0,0.0,0.0,0.0
3,2019-07-13,2,5,0,0,2,25.1,4.0,2.0,0.0,0.0,0.0,0.0,4.0,2.0,0.0,0.0,0.0,0.0,0.0,0.0,0.0,0.0,0.0,1.0,0.0,1.0,0.0,0.0,0.0
4,2019-07-14,1,6,0,0,1,26.0,14.0,0.0,1.0,3.0,0.0,1.0,8.0,4.0,0.0,0.0,0.0,0.0,0.0,0.0,0.0,0.0,0.0,4.0,0.0,4.0,0.0,0.0,0.0
5,2019-07-14,2,6,0,0,1,26.0,1.0,0.0,0.0,0.0,0.0,0.0,1.0,0.0,0.0,0.0,0.0,0.0,0.0,0.0,0.0,0.0,0.0,1.0,0.0,1.0,0.0,0.0,0.0
6,2019-07-15,1,0,0,0,2,24.3,2.0,0.0,0.0,0.0,0.0,0.0,0.0,1.0,0.0,0.0,0.0,0.0,0.0,0.0,0.0,0.0,0.0,0.0,0.0,0.0,0.0,0.0,0.0
7,2019-07-15,2,0,0,0,2,24.3,1.0,0.0,0.0,0.0,0.0,0.0,1.0,0.0,0.0,0.0,0.0,0.0,0.0,0.0,0.0,0.0,1.0,0.0,0.0,0.0,0.0,0.0,0.0
8,2019-07-17,1,2,0,0,2,26.0,5.0,1.0,2.0,0.0,1.0,0.0,1.0,0.0,1.0,0.0,0.0,0.0,0.0,1.0,0.0,0.0,0.0,1.0,0.0,0.0,0.0,0.0,0.0
9,2019-07-17,2,2,0,0,2,26.0,1.0,1.0,0.0,0.0,0.0,0.0,0.0,0.0,0.0,0.0,0.0,0.0,0.0,0.0,0.0,0.0,0.0,0.0,0.0,0.0,1.0,0.0,0.0
10,2019-07-19,1,4,0,0,1,28.3,8.0,0.0,0.0,0.0,19.0,0.0,5.0,0.0,3.0,0.0,0.0,0.0,0.0,0.0,0.0,0.0,0.0,2.0,0.0,0.0,1.0,0.0,0.0
11,2019-07-19,2,4,0,0,1,28.3,3.0,0.0,0.0,0.0,3.0,0.0,2.0,0.0,0.0,0.0,0.0,0.0,0.0,0.0,0.0,0.0,0.0,0.0,0.0,0.0,0.0,0.0,0.0
12,2019-07-20,1,5,0,0,2,28.8,13.0,0.0,1.0,2.0,5.0,3.0,3.0,0.0,7.0,0.0,0.0,0.0,1.0,1.0,1.0,0.0,0.0,3.0,1.0,0.0,0.0,3.0,0.0
13,2019-07-21,1,6,0,0,2,25.7,10.0,4.0,1.0,3.0,7.0,1.0,2.0,0.0,3.0,0.0,0.0,0.0,2.0,1.0,0.0,0.0,0.0,3.0,1.0,1.0,0.0,1.0,0.0
14,2019-07-21,2,6,0,0,2,25.7,1.0,0.0,0.0,0.0,0.0,0.0,0.0,0.0,0.0,1.0,0.0,0.0,0.0,1.0,0.0,0.0,0.0,0.0,0.0,0.0,0.0,0.0,0.0
15,2019-07-22,1,0,0,0,2,27.4,13.0,0.0,0.0,1.0,4.0,0.0,1.0,0.0,4.0,0.0,0.0,0.0,1.0,0.0,1.0,0.0,0.0,2.0,0.0,0.0,0.0,0.0,0.0
16,2019-07-22,2,0,0,0,2,27.4,2.0,0.0,0.0,0.0,1.0,1.0,1.0,0.0,0.0,0.0,0.0,0.0,0.0,2.0,0.0,0.0,0.0,0.0,0.0,0.0,1.0,0.0,0.0
17,2019-07-24,1,2,0,0,2,26.8,10.0,5.0,0.0,2.0,1.0,0.0,2.0,0.0,0.0,0.0,0.0,0.0,2.0,0.0,0.0,0.0,0.0,1.0,0.0,1.0,0.0,0.0,0.0
18,2019-07-24,2,2,0,0,2,26.8,7.0,0.0,0.0,0.0,0.0,0.0,1.0,0.0,1.0,2.0,0.0,0.0,0.0,0.0,0.0,0.0,0.0,0.0,2.0,0.0,0.0,0.0,0.0
19,2019-07-25,1,3,0,0,2,26.7,14.0,1.0,0.0,2.0,3.0,1.0,2.0,0.0,5.0,4.0,0.0,0.0,0.0,2.0,3.0,0.0,0.0,0.0,8.0,1.0,1.0,0.0,0.0
20,2019-07-25,2,3,0,0,2,26.7,2.0,0.0,0.0,1.0,1.0,0.0,0.0,0.0,0.0,2.0,0.0,0.0,0.0,1.0,1.0,0.0,0.0,1.0,0.0,1.0,0.0,0.0,0.0
21,2019-07-26,1,4,0,0,2,25.7,27.0,10.0,1.0,1.0,15.0,0.0,4.0,0.0,8.0,7.0,0.0,0.0,1.0,1.0,8.0,0.0,2.0,7.0,6.0,0.0,1.0,0.0,0.0
22,2019-07-27,1,5,0,0,2,28.4,10.0,7.0,1.0,1.0,6.0,0.0,1.0,0.0,4.0,0.0,0.0,0.0,0.0,4.0,3.0,0.0,2.0,1.0,1.0,2.0,0.0,1.0,0.0
23,2019-07-28,1,6,0,0,2,26.9,8.0,3.0,1.0,1.0,4.0,0.0,3.0,0.0,3.0,0.0,0.0,0.0,0.0,0.0,3.0,0.0,0.0,1.0,2.0,0.0,1.0,0.0,0.0
24,2019-07-29,1,0,0,0,2,28.1,11.0,1.0,0.0,3.0,7.0,0.0,2.0,0.0,4.0,3.0,0.0,0.0,1.0,1.0,3.0,0.0,0.0,5.0,3.0,2.0,0.0,0.0,0.0
25,2019-07-31,1,2,0,0,2,26.5,14.0,4.0,1.0,5.0,3.0,0.0,2.0,0.0,4.0,1.0,0.0,0.0,1.0,4.0,4.0,0.0,0.0,0.0,0.0,1.0,0.0,0.0,0.0
26,2019-08-01,1,3,0,0,2,26.9,13.0,5.0,1.0,0.0,9.0,0.0,4.0,0.0,7.0,0.0,0.0,0.0,2.0,1.0,4.0,0.0,0.0,2.0,0.0,0.0,0.0,0.0,0.0
27,2019-08-02,1,4,0,0,2,29.1,21.0,3.0,0.0,0.0,0.0,1.0,3.0,0.0,1.0,0.0,0.0,0.0,0.0,2.0,1.0,0.0,0.0,2.0,2.0,0.0,1.0,0.0,0.0
28,2019-08-03,1,5,0,0,2,29.3,21.0,5.0,2.0,2.0,8.0,0.0,0.0,0.0,4.0,3.0,0.0,0.0,1.0,3.0,0.0,0.0,0.0,3.0,13.0,0.0,0.0,0.0,0.0
29,2019-08-03,2,5,0,0,2,29.3,6.0,0.0,1.0,0.0,0.0,0.0,0.0,0.0,0.0,0.0,0.0,0.0,0.0,0.0,0.0,0.0,0.0,0.0,0.0,0.0,0.0,0.0,0.0
30,2019-08-04,1,6,0,0,1,28.7,13.0,7.0,2.0,2.0,6.0,0.0,2.0,0.0,5.0,1.0,0.0,0.0,1.0,1.0,1.0,0.0,0.0,4.0,6.0,0.0,0.0,0.0,0.0
31,2019-08-05,1,0,0,0,2,30.7,15.0,6.0,3.0,0.0,5.0,3.0,4.0,0.0,6.0,2.0,0.0,0.0,1.0,1.0,3.0,0.0,1.0,1.0,8.0,3.0,1.0,0.0,0.0
32,2019-08-07,1,2,0,0,2,27.3,13.0,5.0,1.0,2.0,7.0,2.0,2.0,0.0,4.0,0.0,0.0,0.0,1.0,2.0,0.0,0.0,0.0,2.0,3.0,1.0,0.0,0.0,0.0
33,2019-08-08,1,3,0,0,2,29.1,18.0,6.0,5.0,2.0,5.0,1.0,4.0,0.0,3.0,0.0,0.0,0.0,0.0,3.0,4.0,0.0,0.0,5.0,9.0,2.0,0.0,0.0,0.0
34,2019-08-09,1,4,0,0,2,29.9,1.0,0.0,0.0,0.0,3.0,0.0,0.0,0.0,1.0,0.0,0.0,0.0,1.0,1.0,0.0,0.0,0.0,1.0,0.0,0.0,0.0,0.0,0.0
35,2019-08-09,2,4,0,0,2,29.9,12.0,0.0,0.0,0.0,2.0,0.0,0.0,0.0,0.0,0.0,0.0,0.0,0.0,1.0,0.0,0.0,0.0,0.0,0.0,1.0,0.0,0.0,0.0
36,2019-08-10,1,5,0,0,1,31.2,25.0,3.0,0.0,1.0,5.0,0.0,6.0,0.0,7.0,2.0,0.0,0.0,0.0,2.0,6.0,0.0,0.0,2.0,5.0,1.0,0.0,0.0,0.0
37,2019-08-11,1,6,0,0,2,30.9,19.0,4.0,1.0,2.0,4.0,2.0,3.0,0.0,9.0,2.0,0.0,0.0,0.0,0.0,6.0,0.0,0.0,3.0,6.0,1.0,1.0,1.0,0.0
38,2019-08-12,1,0,0,0,2,26.7,12.0,4.0,0.0,3.0,7.0,1.0,1.0,0.0,4.0,2.0,0.0,0.0,0.0,2.0,2.0,0.0,0.0,1.0,4.0,1.0,0.0,1.0,0.0
39,2019-08-12,2,0,0,0,2,26.7,5.0,0.0,0.0,0.0,0.0,0.0,0.0,0.0,0.0,0.0,0.0,0.0,0.0,0.0,0.0,0.0,0.0,0.0,0.0,0.0,0.0,0.0,0.0
40,2019-08-14,1,2,0,0,2,30.2,19.0,5.0,3.0,3.0,10.0,0.0,1.0,1.0,4.0,4.0,0.0,0.0,0.0,1.0,4.0,0.0,1.0,0.0,3.0,1.0,0.0,0.0,0.0
41,2019-08-15,1,3,1,2,2,26.5,13.0,3.0,0.0,1.0,18.0,1.0,2.0,0.0,1.0,0.0,0.0,0.0,0.0,2.0,0.0,0.0,0.0,2.0,1.0,1.0,0.0,0.0,0.0
42,2019-08-16,1,4,0,0,2,26.2,7.0,1.0,0.0,0.0,1.0,0.0,1.0,1.0,1.0,1.0,0.0,0.0,0.0,0.0,1.0,0.0,0.0,1.0,3.0,0.0,1.0,0.0,0.0
43,2019-08-17,1,5,0,0,2,25.8,14.0,6.0,6.0,3.0,3.0,1.0,6.0,1.0,4.0,1.0,0.0,0.0,0.0,0.0,2.0,0.0,0.0,2.0,0.0,1.0,0.0,0.0,3.0
44,2019-08-18,1,6,0,0,1,25.3,16.0,2.0,1.0,2.0,10.0,2.0,4.0,3.0,6.0,4.0,0.0,0.0,0.0,0.0,7.0,0.0,0.0,5.0,4.0,3.0,0.0,0.0,0.0
45,2019-08-19,1,0,0,0,1,25.7,11.0,5.0,2.0,5.0,1.0,1.0,5.0,2.0,2.0,2.0,0.0,0.0,1.0,1.0,5.0,0.0,0.0,4.0,1.0,0.0,0.0,0.0,1.0
46,2019-08-19,2,0,0,0,1,25.7,3.0,1.0,1.0,0.0,1.0,0.0,2.0,0.0,0.0,1.0,0.0,0.0,0.0,1.0,0.0,0.0,0.0,1.0,0.0,0.0,0.0,0.0,1.0
47,2019-08-21,1,2,0,0,2,27.0,18.0,6.0,0.0,3.0,8.0,1.0,2.0,0.0,4.0,2.0,0.0,0.0,1.0,1.0,3.0,0.0,2.0,3.0,6.0,0.0,1.0,0.0,2.0
48,2019-08-22,1,3,0,0,2,26.7,14.0,0.0,0.0,0.0,3.0,2.0,3.0,1.0,4.0,1.0,0.0,0.0,0.0,0.0,2.0,0.0,0.0,1.0,0.0,0.0,1.0,0.0,0.0
49,2019-08-22,2,3,0,0,2,26.7,0.0,0.0,0.0,0.0,1.0,0.0,1.0,0.0,0.0,0.0,0.0,0.0,0.0,0.0,1.0,0.0,0.0,1.0,1.0,0.0,0.0,0.0,0.0
50,2019-08-23,1,4,0,0,1,26.2,15.0,3.0,0.0,1.0,4.0,0.0,0.0,0.0,1.0,1.0,0.0,0.0,0.0,1.0,1.0,0.0,0.0,2.0,0.0,0.0,0.0,0.0,0.0
51,2019-08-23,2,4,0,0,1,26.2,0.0,0.0,0.0,0.0,1.0,0.0,0.0,1.0,1.0,0.0,0.0,0.0,1.0,0.0,0.0,0.0,0.0,0.0,0.0,1.0,0.0,0.0,0.0
52,2019-08-24,1,5,0,0,1,23.8,16.0,7.0,0.0,1.0,11.0,2.0,2.0,2.0,3.0,2.0,0.0,0.0,0.0,3.0,1.0,0.0,0.0,2.0,5.0,0.0,1.0,0.0,1.0
53,2019-08-25,1,6,0,0,1,24.4,19.0,2.0,1.0,1.0,2.0,1.0,3.0,1.0,5.0,1.0,0.0,0.0,0.0,1.0,1.0,0.0,0.0,0.0,5.0,1.0,0.0,0.0,0.0
54,2019-08-26,1,0,0,0,1,26.0,6.0,1.0,0.0,1.0,2.0,0.0,3.0,2.0,1.0,0.0,0.0,0.0,0.0,0.0,3.0,0.0,0.0,0.0,3.0,0.0,0.0,0.0,0.0
55,2019-08-26,2,0,0,0,1,26.0,3.0,0.0,0.0,1.0,0.0,0.0,3.0,2.0,0.0,1.0,0.0,0.0,0.0,0.0,0.0,0.0,0.0,1.0,1.0,0.0,0.0,0.0,0.0
56,2019-08-28,1,2,0,0,1,26.0,13.0,2.0,0.0,2.0,5.0,2.0,3.0,0.0,3.0,1.0,0.0,0.0,4.0,0.0,3.0,0.0,0.0,0.0,2.0,0.0,0.0,0.0,0.0
57,2019-08-29,1,3,0,0,2,23.6,16.0,4.0,0.0,3.0,4.0,1.0,0.0,0.0,1.0,2.0,0.0,0.0,1.0,0.0,0.0,0.0,0.0,1.0,2.0,2.0,2.0,0.0,0.0
58,2019-08-29,2,3,0,0,2,23.6,2.0,1.0,1.0,0.0,1.0,0.0,1.0,1.0,1.0,1.0,0.0,0.0,0.0,1.0,2.0,0.0,0.0,1.0,2.0,1.0,0.0,0.0,1.0
59,2019-08-30,1,4,0,0,2,22.8,19.0,1.0,0.0,2.0,2.0,0.0,0.0,0.0,3.0,0.0,0.0,0.0,0.0,0.0,1.0,0.0,0.0,4.0,1.0,1.0,0.0,0.0,0.0
60,2019-08-30,2,4,0,0,2,22.8,3.0,2.0,1.0,3.0,0.0,2.0,3.0,0.0,1.0,1.0,0.0,0.0,0.0,0.0,0.0,0.0,1.0,0.0,0.0,1.0,0.0,0.0,0.0
61,2019-08-31,1,5,0,0,2,23.2,7.0,5.0,0.0,0.0,2.0,0.0,3.0,0.0,4.0,0.0,0.0,0.0,1.0,1.0,0.0,0.0,0.0,0.0,2.0,0.0,0.0,0.0,0.0
62,2019-08-31,2,5,0,0,2,23.2,2.0,0.0,0.0,0.0,0.0,1.0,0.0,0.0,0.0,0.0,0.0,0.0,0.0,0.0,0.0,0.0,0.0,0.0,0.0,0.0,0.0,0.0,0.0
63,2019-09-01,1,6,0,0,1,23.3,14.0,4.0,1.0,2.0,3.0,1.0,1.0,4.0,7.0,2.0,0.0,0.0,0.0,3.0,2.0,0.0,0.0,4.0,0.0,1.0,0.0,0.0,0.0
64,2019-09-01,2,6,0,0,1,23.3,2.0,0.0,0.0,0.0,0.0,0.0,0.0,0.0,0.0,0.0,0.0,0.0,0.0,0.0,0.0,0.0,0.0,1.0,0.0,0.0,0.0,0.0,0.0
65,2019-09-02,1,0,0,0,1,24.0,5.0,0.0,0.0,0.0,1.0,0.0,1.0,1.0,0.0,2.0,0.0,0.0,0.0,0.0,2.0,0.0,0.0,1.0,1.0,1.0,1.0,0.0,0.0
66,2019-09-02,2,0,0,0,1,24.0,1.0,0.0,0.0,0.0,1.0,0.0,2.0,1.0,0.0,2.0,0.0,0.0,0.0,0.0,3.0,0.0,0.0,0.0,1.0,1.0,0.0,0.0,0.0
67,2019-09-04,1,2,0,0,2,23.0,10.0,3.0,1.0,3.0,7.0,1.0,5.0,3.0,4.0,0.0,0.0,0.0,1.0,5.0,1.0,0.0,0.0,2.0,2.0,0.0,0.0,0.0,1.0
68,2019-09-04,2,2,0,0,2,23.0,4.0,2.0,2.0,2.0,2.0,0.0,0.0,0.0,2.0,0.0,0.0,0.0,1.0,0.0,0.0,0.0,0.0,0.0,0.0,0.0,0.0,0.0,0.0
69,2019-09-05,1,3,0,0,2,23.4,22.0,5.0,0.0,1.0,1.0,0.0,2.0,2.0,2.0,0.0,0.0,0.0,0.0,2.0,0.0,0.0,0.0,2.0,2.0,1.0,0.0,0.0,0.0
70,2019-09-05,2,3,0,0,2,23.4,5.0,0.0,0.0,0.0,0.0,0.0,1.0,0.0,1.0,0.0,0.0,0.0,1.0,0.0,0.0,0.0,0.0,0.0,1.0,0.0,0.0,0.0,0.0
71,2019-09-06,1,4,0,0,2,25.2,4.0,1.0,1.0,0.0,2.0,0.0,2.0,1.0,2.0,0.0,0.0,0.0,0.0,0.0,1.0,0.0,0.0,0.0,1.0,0.0,0.0,0.0,0.0
72,2019-09-06,2,4,0,0,2,25.2,6.0,0.0,0.0,0.0,2.0,0.0,0.0,0.0,0.0,2.0,0.0,0.0,0.0,3.0,0.0,0.0,0.0,1.0,0.0,0.0,0.0,0.0,0.0
73,2019-09-07,1,5,0,0,2,26.4,11.0,5.0,1.0,3.0,4.0,0.0,4.0,2.0,0.0,3.0,0.0,0.0,0.0,4.0,2.0,0.0,0.0,4.0,0.0,1.0,0.0,0.0,0.0
74,2019-09-07,2,5,0,0,2,26.4,6.0,4.0,3.0,0.0,1.0,0.0,0.0,0.0,0.0,0.0,0.0,0.0,1.0,3.0,0.0,0.0,0.0,1.0,0.0,0.0,0.0,0.0,1.0
75,2019-09-08,1,6,0,0,2,24.9,6.0,1.0,0.0,0.0,2.0,0.0,2.0,0.0,1.0,1.0,0.0,0.0,1.0,0.0,0.0,0.0,1.0,0.0,0.0,2.0,0.0,0.0,0.0
76,2019-09-09,1,0,0,0,2,24.8,11.0,4.0,1.0,2.0,2.0,1.0,2.0,2.0,3.0,0.0,0.0,0.0,1.0,1.0,2.0,0.0,0.0,0.0,0.0,0.0,0.0,0.0,0.0
77,2019-09-09,2,0,0,0,2,24.8,6.0,1.0,0.0,0.0,4.0,0.0,0.0,1.0,0.0,0.0,0.0,0.0,0.0,0.0,1.0,0.0,0.0,0.0,0.0,0.0,0.0,0.0,0.0
78,2019-09-11,1,2,0,0,2,24.4,18.0,2.0,1.0,2.0,2.0,1.0,1.0,3.0,2.0,0.0,0.0,0.0,1.0,1.0,1.0,0.0,0.0,3.0,2.0,0.0,0.0,0.0,0.0
79,2019-09-11,2,2,0,0,2,24.4,4.0,0.0,0.0,0.0,0.0,0.0,1.0,0.0,0.0,0.0,0.0,0.0,0.0,1.0,0.0,0.0,0.0,0.0,0.0,0.0,0.0,0.0,0.0
80,2019-09-12,1,3,1,4,2,21.6,14.0,2.0,1.0,4.0,4.0,0.0,2.0,5.0,2.0,1.0,0.0,0.0,0.0,0.0,0.0,0.0,0.0,1.0,4.0,1.0,0.0,0.0,0.0
81,2019-09-14,1,5,1,4,2,22.4,8.0,1.0,0.0,1.0,5.0,0.0,4.0,2.0,2.0,1.0,0.0,0.0,0.0,1.0,3.0,0.0,0.0,2.0,2.0,1.0,0.0,0.0,0.0
82,2019-09-15,1,6,0,0,2,23.9,17.0,6.0,0.0,0.0,6.0,1.0,3.0,1.0,4.0,1.0,0.0,0.0,1.0,1.0,2.0,0.0,0.0,3.0,5.0,0.0,0.0,0.0,1.0
83,2019-09-15,2,6,0,0,2,23.9,2.0,0.0,0.0,0.0,2.0,0.0,2.0,0.0,0.0,0.0,0.0,0.0,2.0,1.0,1.0,0.0,0.0,1.0,0.0,0.0,1.0,0.0,1.0
84,2019-09-18,1,2,0,0,0,21.0,6.0,1.0,0.0,1.0,0.0,1.0,1.0,4.0,4.0,0.0,0.0,0.0,0.0,0.0,2.0,0.0,0.0,1.0,3.0,0.0,0.0,0.0,2.0
85,2019-09-18,2,2,0,0,0,21.0,0.0,0.0,0.0,1.0,1.0,0.0,1.0,1.0,2.0,0.0,0.0,0.0,1.0,0.0,0.0,0.0,0.0,0.0,0.0,0.0,0.0,0.0,0.0
86,2019-09-19,1,3,0,0,1,18.9,17.0,0.0,0.0,4.0,0.0,0.0,5.0,3.0,0.0,1.0,0.0,0.0,1.0,0.0,1.0,0.0,0.0,2.0,0.0,0.0,0.0,0.0,0.0
87,2019-09-19,2,3,0,0,1,18.9,6.0,4.0,1.0,2.0,2.0,1.0,1.0,1.0,3.0,1.0,0.0,0.0,1.0,0.0,1.0,0.0,0.0,1.0,2.0,1.0,1.0,0.0,1.0
88,2019-09-20,1,4,0,0,1,19.2,19.0,4.0,2.0,0.0,4.0,1.0,5.0,0.0,2.0,0.0,0.0,0.0,0.0,1.0,1.0,0.0,0.0,0.0,0.0,1.0,0.0,0.0,0.0
89,2019-09-20,2,4,0,0,1,19.2,0.0,0.0,0.0,0.0,0.0,0.0,1.0,0.0,0.0,0.0,0.0,0.0,0.0,0.0,0.0,0.0,0.0,2.0,1.0,0.0,0.0,0.0,0.0
90,2019-09-21,1,5,0,0,2,19.6,16.0,3.0,2.0,3.0,8.0,0.0,5.0,5.0,5.0,2.0,0.0,0.0,0.0,3.0,5.0,0.0,0.0,4.0,5.0,0.0,1.0,0.0,0.0
91,2019-09-22,1,6,0,0,2,18.5,17.0,7.0,0.0,1.0,16.0,0.0,4.0,1.0,8.0,3.0,0.0,0.0,0.0,2.0,1.0,0.0,0.0,1.0,8.0,0.0,0.0,0.0,0.0
92,2019-09-23,1,0,0,0,2,19.8,8.0,0.0,0.0,1.0,1.0,3.0,3.0,1.0,3.0,0.0,0.0,0.0,0.0,0.0,0.0,0.0,0.0,1.0,1.0,0.0,0.0,0.0,0.0
93,2019-09-23,2,0,0,0,2,19.8,2.0,2.0,1.0,0.0,4.0,0.0,1.0,1.0,2.0,0.0,0.0,0.0,0.0,0.0,0.0,0.0,0.0,1.0,0.0,0.0,0.0,0.0,0.0
94,2019-09-25,1,2,0,0,1,20.0,10.0,1.0,0.0,0.0,2.0,0.0,1.0,0.0,1.0,0.0,0.0,0.0,0.0,0.0,0.0,0.0,0.0,1.0,0.0,2.0,0.0,0.0,0.0
95,2019-09-25,2,2,0,0,1,20.0,2.0,2.0,0.0,2.0,0.0,0.0,1.0,1.0,2.0,2.0,0.0,0.0,0.0,1.0,0.0,0.0,0.0,0.0,1.0,0.0,0.0,0.0,0.0
96,2019-09-26,1,3,0,0,1,22.2,2.0,1.0,0.0,1.0,1.0,1.0,0.0,0.0,0.0,0.0,0.0,0.0,0.0,0.0,0.0,0.0,0.0,2.0,2.0,1.0,1.0,0.0,0.0
97,2019-09-27,1,4,0,0,1,22.6,10.0,1.0,0.0,1.0,0.0,1.0,1.0,0.0,0.0,0.0,0.0,0.0,0.0,0.0,0.0,0.0,0.0,1.0,2.0,1.0,0.0,0.0,0.0
98,2019-09-27,2,4,0,0,1,22.6,3.0,1.0,0.0,0.0,3.0,1.0,0.0,0.0,2.0,0.0,0.0,0.0,1.0,0.0,0.0,0.0,0.0,0.0,1.0,0.0,0.0,0.0,0.0
99,2019-09-28,1,5,0,0,1,23.1,15.0,6.0,2.0,4.0,7.0,1.0,4.0,2.0,5.0,0.0,0.0,0.0,1.0,1.0,1.0,0.0,0.0,1.0,0.0,2.0,0.0,0.0,0.0
100,2019-09-28,2,5,0,0,1,23.1,4.0,0.0,0.0,1.0,0.0,0.0,1.0,0.0,0.0,0.0,0.0,0.0,0.0,0.0,1.0,0.0,0.0,1.0,3.0,0.0,0.0,0.0,0.0
101,2019-09-29,1,6,0,0,0,21.7,14.0,1.0,1.0,1.0,5.0,1.0,3.0,2.0,5.0,1.0,0.0,0.0,2.0,1.0,1.0,0.0,0.0,3.0,4.0,2.0,0.0,0.0,0.0
102,2019-09-29,2,6,0,0,0,21.7,3.0,0.0,0.0,0.0,3.0,0.0,1.0,1.0,3.0,0.0,0.0,0.0,0.0,1.0,0.0,0.0,0.0,1.0,0.0,0.0,0.0,0.0,1.0
103,2019-09-30,1,0,0,0,0,21.6,7.0,1.0,0.0,0.0,4.0,0.0,2.0,0.0,0.0,0.0,0.0,0.0,0.0,0.0,0.0,0.0,0.0,2.0,2.0,0.0,0.0,0.0,0.0
104,2019-09-30,2,0,0,0,0,21.6,0.0,3.0,0.0,1.0,1.0,0.0,0.0,1.0,0.0,0.0,0.0,0.0,0.0,0.0,0.0,0.0,0.0,0.0,0.0,1.0,0.0,0.0,0.0
105,2019-10-02,1,2,0,0,2,22.0,1.0,2.0,0.0,1.0,3.0,1.0,1.0,1.0,2.0,0.0,0.0,0.0,0.0,0.0,1.0,0.0,0.0,0.0,0.0,2.0,0.0,0.0,0.0
106,2019-10-02,2,2,0,0,2,22.0,0.0,3.0,1.0,0.0,1.0,0.0,0.0,0.0,1.0,0.0,0.0,0.0,0.0,0.0,0.0,0.0,0.0,2.0,3.0,0.0,0.0,0.0,0.0
107,2019-10-03,1,3,1,2,2,22.7,17.0,7.0,3.0,3.0,3.0,0.0,7.0,2.0,5.0,2.0,0.0,0.0,1.0,2.0,2.0,0.0,1.0,2.0,6.0,5.0,0.0,0.0,0.0
108,2019-10-03,2,3,1,2,2,22.7,0.0,0.0,0.0,1.0,0.0,1.0,0.0,0.0,0.0,0.0,0.0,0.0,0.0,0.0,1.0,0.0,0.0,0.0,0.0,0.0,0.0,0.0,0.0
109,2019-10-04,1,4,0,0,1,22.0,5.0,0.0,0.0,0.0,0.0,0.0,0.0,0.0,1.0,0.0,0.0,0.0,0.0,0.0,2.0,0.0,0.0,0.0,3.0,0.0,0.0,0.0,0.0
110,2019-10-05,1,5,0,0,2,19.2,6.0,0.0,0.0,0.0,1.0,1.0,3.0,1.0,1.0,2.0,0.0,0.0,0.0,0.0,0.0,0.0,0.0,3.0,2.0,0.0,0.0,0.0,1.0
111,2019-10-06,1,6,0,0,1,17.6,6.0,5.0,2.0,3.0,3.0,1.0,1.0,1.0,3.0,0.0,0.0,0.0,0.0,1.0,0.0,0.0,1.0,2.0,2.0,0.0,0.0,0.0,0.0
112,2019-10-07,1,0,0,0,2,15.3,5.0,1.0,0.0,1.0,0.0,0.0,2.0,0.0,0.0,0.0,0.0,0.0,1.0,1.0,1.0,0.0,0.0,1.0,1.0,0.0,0.0,0.0,0.0
113,2019-10-07,2,0,0,0,2,15.3,5.0,1.0,1.0,0.0,0.0,0.0,1.0,1.0,0.0,0.0,0.0,0.0,0.0,0.0,0.0,0.0,0.0,0.0,0.0,1.0,0.0,0.0,0.0
114,2019-10-09,1,2,1,2,0,13.2,3.0,0.0,0.0,1.0,1.0,0.0,1.0,2.0,0.0,0.0,0.0,0.0,0.0,0.0,0.0,0.0,0.0,0.0,0.0,0.0,0.0,0.0,0.0
115,2019-10-10,1,3,0,0,1,14.6,15.0,1.0,0.0,0.0,3.0,1.0,7.0,0.0,1.0,0.0,0.0,0.0,0.0,0.0,0.0,0.0,0.0,0.0,0.0,0.0,0.0,0.0,0.0
116,2019-10-11,1,4,0,0,0,18.3,5.0,3.0,1.0,1.0,2.0,0.0,2.0,0.0,1.0,2.0,0.0,0.0,0.0,2.0,1.0,0.0,0.0,3.0,2.0,0.0,0.0,0.0,0.0
117,2019-10-12,1,5,0,0,0,18.2,7.0,1.0,0.0,3.0,3.0,2.0,2.0,2.0,3.0,0.0,0.0,0.0,0.0,0.0,0.0,0.0,0.0,0.0,1.0,2.0,1.0,0.0,0.0
118,2019-10-12,2,5,0,0,0,18.2,5.0,0.0,0.0,0.0,0.0,0.0,0.0,0.0,0.0,0.0,0.0,0.0,0.0,0.0,0.0,0.0,0.0,0.0,0.0,0.0,0.0,0.0,0.0
119,2019-10-13,1,6,0,0,0,16.3,8.0,9.0,4.0,9.0,5.0,1.0,3.0,3.0,1.0,3.0,0.0,0.0,2.0,4.0,2.0,0.0,1.0,6.0,5.0,2.0,1.0,0.0,0.0
120,2019-10-14,1,0,0,0,1,14.5,10.0,1.0,0.0,0.0,5.0,1.0,2.0,0.0,6.0,0.0,0.0,0.0,2.0,0.0,1.0,0.0,0.0,2.0,1.0,1.0,0.0,0.0,0.0
121,2019-10-14,2,0,0,0,1,14.5,0.0,0.0,0.0,0.0,0.0,0.0,2.0,1.0,0.0,2.0,0.0,0.0,0.0,0.0,1.0,0.0,0.0,0.0,0.0,0.0,0.0,0.0,0.0
122,2019-10-16,1,2,0,0,1,14.0,6.0,2.0,0.0,1.0,1.0,0.0,2.0,0.0,6.0,2.0,0.0,0.0,0.0,0.0,3.0,0.0,0.0,2.0,1.0,3.0,0.0,0.0,0.0
123,2019-10-16,2,2,0,0,1,14.0,2.0,0.0,0.0,1.0,0.0,0.0,0.0,0.0,0.0,0.0,0.0,0.0,0.0,0.0,0.0,0.0,0.0,0.0,0.0,0.0,0.0,0.0,0.0
124,2019-10-17,1,3,0,0,1,15.0,8.0,5.0,2.0,0.0,3.0,1.0,3.0,1.0,4.0,2.0,0.0,0.0,0.0,0.0,0.0,0.0,0.0,0.0,3.0,3.0,0.0,0.0,0.0
125,2019-10-17,2,3,0,0,1,15.0,3.0,0.0,0.0,0.0,2.0,0.0,0.0,0.0,0.0,0.0,0.0,0.0,0.0,0.0,0.0,0.0,0.0,0.0,0.0,2.0,0.0,0.0,0.0
126,2019-10-18,1,4,0,0,1,16.3,9.0,1.0,1.0,0.0,3.0,0.0,0.0,0.0,1.0,1.0,0.0,0.0,0.0,0.0,1.0,0.0,0.0,0.0,1.0,1.0,0.0,0.0,0.0
127,2019-10-19,1,5,0,0,0,16.5,7.0,4.0,3.0,5.0,4.0,0.0,4.0,2.0,6.0,1.0,0.0,0.0,0.0,0.0,1.0,0.0,1.0,0.0,1.0,0.0,0.0,0.0,0.0
128,2019-10-19,2,5,0,0,0,16.5,2.0,0.0,0.0,0.0,1.0,0.0,0.0,0.0,0.0,1.0,0.0,0.0,0.0,1.0,1.0,0.0,0.0,0.0,0.0,0.0,0.0,0.0,0.0
129,2019-10-20,1,6,0,0,0,15.6,21.0,4.0,2.0,1.0,9.0,1.0,1.0,0.0,6.0,0.0,0.0,0.0,0.0,0.0,0.0,0.0,0.0,1.0,1.0,0.0,0.0,0.0,0.0
130,2019-10-21,1,0,0,0,1,16.2,24.0,5.0,2.0,1.0,5.0,1.0,9.0,0.0,5.0,2.0,0.0,0.0,0.0,0.0,3.0,0.0,0.0,3.0,2.0,2.0,0.0,0.0,0.0
131,2019-10-21,2,0,0,0,1,16.2,3.0,0.0,0.0,0.0,0.0,0.0,0.0,0.0,0.0,0.0,0.0,0.0,0.0,0.0,0.0,0.0,0.0,0.0,0.0,0.0,0.0,0.0,0.0
132,2019-10-23,1,2,0,0,1,16.7,4.0,1.0,1.0,1.0,1.0,0.0,1.0,3.0,3.0,1.0,0.0,0.0,0.0,0.0,0.0,0.0,0.0,0.0,0.0,0.0,0.0,0.0,0.0
133,2019-10-24,1,3,0,0,1,18.1,10.0,2.0,0.0,2.0,5.0,2.0,5.0,1.0,6.0,0.0,0.0,0.0,0.0,1.0,2.0,0.0,0.0,2.0,2.0,1.0,0.0,0.0,1.0
134,2019-10-24,2,3,0,0,1,18.1,2.0,0.0,0.0,0.0,0.0,0.0,0.0,2.0,1.0,0.0,0.0,0.0,0.0,0.0,0.0,0.0,0.0,1.0,0.0,0.0,0.0,0.0,0.0
135,2019-10-25,1,4,0,0,1,16.7,6.0,1.0,1.0,2.0,5.0,1.0,1.0,1.0,2.0,1.0,0.0,0.0,0.0,0.0,2.0,0.0,0.0,3.0,2.0,1.0,0.0,0.0,0.0
136,2019-10-26,1,5,0,0,1,10.7,11.0,4.0,0.0,0.0,3.0,0.0,4.0,0.0,1.0,0.0,0.0,0.0,0.0,0.0,1.0,1.0,0.0,0.0,1.0,1.0,0.0,0.0,0.0
137,2019-10-27,1,6,0,0,0,10.5,10.0,2.0,0.0,4.0,7.0,0.0,2.0,4.0,4.0,0.0,0.0,0.0,0.0,0.0,1.0,0.0,0.0,3.0,2.0,0.0,0.0,0.0,0.0
138,2019-10-28,1,0,0,0,1,12.8,12.0,5.0,1.0,0.0,9.0,2.0,2.0,2.0,5.0,2.0,0.0,0.0,0.0,0.0,3.0,0.0,0.0,4.0,0.0,0.0,0.0,0.0,0.0
139,2019-10-31,1,3,0,0,1,14.4,4.0,1.0,1.0,2.0,4.0,0.0,0.0,0.0,5.0,2.0,0.0,0.0,0.0,0.0,0.0,1.0,0.0,3.0,0.0,0.0,0.0,0.0,0.0
140,2019-11-01,1,4,0,0,1,14.8,5.0,3.0,1.0,0.0,4.0,0.0,2.0,1.0,3.0,0.0,0.0,0.0,1.0,1.0,2.0,0.0,0.0,0.0,3.0,1.0,0.0,0.0,0.0
141,2019-11-02,1,5,0,0,1,12.9,11.0,3.0,2.0,1.0,5.0,3.0,1.0,1.0,4.0,0.0,0.0,0.0,0.0,1.0,0.0,2.0,0.0,0.0,3.0,0.0,0.0,0.0,0.0
142,2019-11-02,2,5,0,0,1,12.9,4.0,0.0,0.0,5.0,2.0,0.0,2.0,0.0,0.0,0.0,0.0,0.0,0.0,0.0,0.0,1.0,0.0,1.0,0.0,0.0,0.0,0.0,0.0
143,2019-11-03,1,6,0,0,1,14.5,14.0,6.0,1.0,2.0,0.0,1.0,2.0,1.0,4.0,0.0,0.0,0.0,1.0,2.0,0.0,0.0,0.0,3.0,1.0,0.0,0.0,0.0,0.0
144,2019-11-03,2,6,0,0,1,14.5,1.0,1.0,0.0,0.0,0.0,0.0,1.0,0.0,1.0,0.0,0.0,0.0,0.0,0.0,1.0,0.0,0.0,0.0,0.0,1.0,0.0,0.0,0.0
145,2019-11-04,1,0,0,0,0,13.5,2.0,6.0,1.0,1.0,3.0,0.0,0.0,2.0,1.0,0.0,0.0,0.0,0.0,0.0,0.0,0.0,0.0,2.0,0.0,0.0,0.0,0.0,0.0
146,2019-11-04,2,0,0,0,0,13.5,0.0,1.0,1.0,0.0,0.0,0.0,1.0,0.0,0.0,0.0,0.0,0.0,0.0,0.0,0.0,0.0,0.0,0.0,0.0,1.0,0.0,0.0,0.0
147,2019-11-06,1,2,0,0,1,10.9,6.0,0.0,0.0,0.0,3.0,1.0,0.0,0.0,2.0,2.0,0.0,0.0,0.0,0.0,1.0,2.0,0.0,0.0,0.0,1.0,0.0,0.0,0.0
148,2019-11-06,2,2,0,0,1,10.9,1.0,2.0,1.0,0.0,0.0,0.0,1.0,0.0,0.0,2.0,0.0,0.0,0.0,0.0,0.0,0.0,0.0,1.0,0.0,1.0,0.0,0.0,0.0
149,2019-11-07,1,3,0,0,1,9.8,7.0,4.0,3.0,3.0,6.0,0.0,1.0,0.0,1.0,0.0,0.0,0.0,0.0,1.0,1.0,0.0,0.0,3.0,3.0,0.0,0.0,0.0,0.0
150,2019-11-07,2,3,0,0,1,9.8,3.0,1.0,1.0,0.0,1.0,0.0,0.0,1.0,0.0,0.0,0.0,0.0,0.0,0.0,0.0,0.0,0.0,0.0,1.0,0.0,0.0,0.0,0.0
151,2019-11-08,1,4,0,0,0,6.5,13.0,2.0,2.0,2.0,2.0,0.0,2.0,2.0,2.0,0.0,0.0,0.0,0.0,0.0,0.0,0.0,2.0,3.0,1.0,0.0,0.0,0.0,0.0
152,2019-11-08,2,4,0,0,0,6.5,3.0,3.0,2.0,1.0,1.0,0.0,1.0,1.0,2.0,1.0,0.0,0.0,0.0,0.0,0.0,1.0,0.0,1.0,1.0,0.0,0.0,0.0,0.0
153,2019-11-09,1,5,0,0,0,9.3,15.0,3.0,1.0,1.0,3.0,2.0,6.0,2.0,4.0,1.0,0.0,0.0,0.0,2.0,4.0,0.0,0.0,3.0,4.0,1.0,0.0,0.0,0.0
154,2019-11-09,2,5,0,0,0,9.3,4.0,3.0,1.0,0.0,0.0,0.0,1.0,0.0,0.0,0.0,0.0,0.0,0.0,0.0,0.0,0.0,0.0,1.0,0.0,0.0,0.0,0.0,0.0
155,2019-11-10,1,6,0,0,2,9.9,22.0,4.0,0.0,2.0,1.0,2.0,6.0,2.0,4.0,1.0,0.0,0.0,3.0,1.0,2.0,2.0,0.0,5.0,4.0,2.0,1.0,0.0,1.0
156,2019-11-10,2,6,0,0,2,9.9,4.0,1.0,0.0,0.0,0.0,0.0,1.0,0.0,0.0,0.0,0.0,0.0,0.0,0.0,0.0,0.0,0.0,0.0,0.0,1.0,0.0,0.0,0.0
157,2019-11-11,1,0,0,0,2,11.6,7.0,6.0,1.0,1.0,0.0,1.0,2.0,0.0,0.0,0.0,0.0,0.0,0.0,0.0,2.0,0.0,1.0,0.0,0.0,0.0,0.0,0.0,0.0
158,2019-11-11,2,0,0,0,2,11.6,1.0,1.0,1.0,0.0,0.0,0.0,1.0,1.0,0.0,0.0,0.0,0.0,0.0,0.0,0.0,0.0,0.0,1.0,0.0,0.0,0.0,0.0,0.0
159,2019-11-13,1,2,0,0,2,8.2,8.0,4.0,2.0,1.0,1.0,0.0,4.0,0.0,1.0,1.0,0.0,0.0,0.0,0.0,1.0,1.0,0.0,1.0,0.0,0.0,0.0,0.0,0.0
160,2019-11-13,2,2,0,0,2,8.2,2.0,0.0,0.0,0.0,0.0,0.0,1.0,0.0,0.0,0.0,0.0,0.0,2.0,1.0,0.0,0.0,0.0,0.0,0.0,0.0,0.0,0.0,0.0
161,2019-11-14,1,3,0,0,2,1.9,5.0,1.0,1.0,1.0,2.0,0.0,1.0,0.0,0.0,0.0,0.0,0.0,2.0,0.0,0.0,0.0,0.0,1.0,0.0,1.0,0.0,0.0,0.0
162,2019-11-15,1,4,0,0,2,6.1,4.0,1.0,0.0,1.0,4.0,0.0,1.0,0.0,2.0,0.0,0.0,0.0,1.0,0.0,2.0,0.0,0.0,1.0,2.0,0.0,0.0,0.0,0.0
163,2019-11-15,2,4,0,0,2,6.1,5.0,5.0,0.0,0.0,4.0,0.0,1.0,0.0,1.0,0.0,0.0,0.0,0.0,0.0,4.0,0.0,0.0,0.0,0.0,0.0,0.0,0.0,0.0
164,2019-11-16,1,5,0,0,2,6.9,9.0,4.0,2.0,0.0,2.0,0.0,1.0,2.0,1.0,0.0,0.0,0.0,0.0,0.0,1.0,0.0,1.0,0.0,3.0,2.0,0.0,0.0,0.0
165,2019-11-16,2,5,0,0,2,6.9,3.0,1.0,0.0,1.0,1.0,0.0,0.0,1.0,0.0,0.0,0.0,0.0,0.0,0.0,0.0,0.0,0.0,0.0,0.0,0.0,0.0,0.0,0.0
166,2019-11-17,1,6,0,0,2,8.3,15.0,8.0,0.0,3.0,8.0,0.0,4.0,1.0,2.0,0.0,0.0,0.0,2.0,0.0,3.0,2.0,0.0,2.0,2.0,3.0,0.0,0.0,0.0
167,2019-11-17,2,6,0,0,2,8.3,7.0,1.0,0.0,1.0,0.0,2.0,0.0,0.0,0.0,0.0,0.0,0.0,0.0,0.0,0.0,0.0,0.0,0.0,1.0,2.0,0.0,0.0,0.0
168,2019-11-18,1,0,0,0,2,6.1,3.0,1.0,0.0,0.0,2.0,1.0,3.0,1.0,2.0,0.0,0.0,0.0,0.0,0.0,0.0,0.0,0.0,1.0,2.0,1.0,0.0,0.0,0.0
169,2019-11-18,2,0,0,0,2,6.1,1.0,2.0,0.0,0.0,0.0,0.0,1.0,0.0,0.0,0.0,0.0,0.0,0.0,0.0,0.0,0.0,0.0,0.0,0.0,1.0,0.0,0.0,0.0
170,2019-11-20,1,2,0,0,0,1.0,5.0,5.0,1.0,0.0,1.0,1.0,2.0,0.0,0.0,0.0,0.0,0.0,1.0,0.0,1.0,0.0,0.0,2.0,0.0,1.0,0.0,0.0,0.0
171,2019-11-20,2,2,0,0,0,1.0,1.0,2.0,2.0,0.0,2.0,1.0,0.0,1.0,1.0,0.0,0.0,0.0,0.0,0.0,0.0,0.0,0.0,1.0,1.0,0.0,0.0,0.0,0.0
172,2019-11-21,1,3,0,0,1,4.1,7.0,0.0,0.0,2.0,0.0,0.0,0.0,0.0,0.0,0.0,0.0,0.0,0.0,0.0,0.0,0.0,0.0,0.0,0.0,0.0,0.0,0.0,0.0
173,2019-11-21,2,3,0,0,1,4.1,0.0,0.0,0.0,0.0,4.0,0.0,0.0,0.0,0.0,0.0,0.0,0.0,0.0,0.0,0.0,0.0,0.0,0.0,0.0,0.0,0.0,0.0,0.0
174,2019-11-22,1,4,0,0,1,9.5,2.0,1.0,1.0,0.0,3.0,0.0,0.0,0.0,0.0,0.0,0.0,0.0,1.0,0.0,0.0,0.0,0.0,1.0,0.0,0.0,0.0,0.0,0.0
175,2019-11-22,2,4,0,0,1,9.5,3.0,1.0,1.0,0.0,1.0,0.0,0.0,0.0,0.0,0.0,0.0,0.0,0.0,0.0,1.0,0.0,0.0,0.0,0.0,0.0,0.0,0.0,0.0
176,2019-11-23,1,5,0,0,1,11.0,6.0,2.0,0.0,1.0,3.0,1.0,4.0,2.0,2.0,0.0,0.0,0.0,1.0,0.0,0.0,0.0,0.0,0.0,0.0,0.0,0.0,0.0,1.0
177,2019-11-23,2,5,0,0,1,11.0,4.0,1.0,1.0,1.0,4.0,0.0,2.0,0.0,0.0,0.0,0.0,0.0,0.0,0.0,0.0,0.0,1.0,1.0,0.0,0.0,1.0,0.0,0.0
178,2019-11-24,1,6,0,0,2,10.4,15.0,6.0,1.0,5.0,1.0,4.0,3.0,4.0,1.0,2.0,0.0,0.0,2.0,0.0,1.0,2.0,0.0,6.0,2.0,1.0,0.0,0.0,0.0
179,2019-11-24,2,6,0,0,2,10.4,1.0,1.0,1.0,1.0,0.0,0.0,0.0,0.0,0.0,0.0,0.0,0.0,0.0,0.0,0.0,0.0,0.0,1.0,0.0,0.0,0.0,0.0,0.0
180,2019-11-25,1,0,0,0,2,2.5,6.0,1.0,1.0,0.0,7.0,4.0,2.0,1.0,8.0,2.0,0.0,0.0,0.0,0.0,0.0,1.0,0.0,2.0,2.0,0.0,0.0,0.0,0.0
181,2019-11-27,1,2,0,0,1,3.8,9.0,4.0,1.0,1.0,2.0,0.0,2.0,0.0,4.0,0.0,0.0,0.0,0.0,1.0,0.0,0.0,0.0,3.0,0.0,0.0,0.0,0.0,1.0
182,2019-11-28,1,3,0,0,1,3.9,12.0,4.0,1.0,0.0,1.0,1.0,4.0,1.0,2.0,0.0,0.0,0.0,0.0,0.0,2.0,1.0,0.0,2.0,1.0,3.0,0.0,0.0,0.0
183,2019-11-28,2,3,0,0,1,3.9,1.0,1.0,0.0,0.0,1.0,0.0,0.0,0.0,0.0,0.0,0.0,0.0,1.0,0.0,0.0,0.0,0.0,0.0,0.0,0.0,0.0,0.0,0.0
184,2019-11-29,1,4,0,0,0,1.9,7.0,1.0,0.0,1.0,2.0,1.0,4.0,1.0,4.0,1.0,0.0,0.0,1.0,0.0,2.0,0.0,0.0,0.0,2.0,0.0,0.0,0.0,0.0
185,2019-11-29,2,4,0,0,0,1.9,4.0,2.0,0.0,0.0,2.0,0.0,0.0,2.0,0.0,1.0,0.0,0.0,0.0,0.0,1.0,1.0,1.0,0.0,0.0,1.0,0.0,0.0,0.0
186,2019-11-30,1,5,0,0,1,3.8,18.0,6.0,1.0,1.0,2.0,3.0,6.0,1.0,2.0,1.0,0.0,0.0,0.0,0.0,3.0,0.0,0.0,0.0,0.0,1.0,0.0,0.0,0.0
187,2019-11-30,2,5,0,0,1,3.8,2.0,0.0,0.0,0.0,1.0,0.0,1.0,0.0,1.0,0.0,0.0,0.0,0.0,0.0,0.0,0.0,0.0,1.0,0.0,0.0,0.0,0.0,0.0
188,2019-12-01,1,6,0,0,2,5.4,15.0,6.0,2.0,4.0,4.0,0.0,6.0,1.0,4.0,0.0,0.0,0.0,1.0,0.0,2.0,1.0,0.0,3.0,2.0,2.0,0.0,0.0,0.0
189,2019-12-01,2,6,0,0,2,5.4,3.0,0.0,0.0,0.0,1.0,0.0,1.0,0.0,1.0,0.0,0.0,0.0,0.0,0.0,0.0,0.0,0.0,0.0,1.0,1.0,0.0,0.0,0.0
190,2019-12-02,1,0,0,0,2,1.4,5.0,1.0,0.0,0.0,2.0,0.0,2.0,0.0,3.0,0.0,0.0,0.0,2.0,1.0,1.0,0.0,0.0,1.0,2.0,0.0,0.0,0.0,0.0
191,2019-12-02,2,0,0,0,2,1.4,1.0,0.0,0.0,1.0,1.0,0.0,0.0,0.0,0.0,0.0,0.0,0.0,0.0,0.0,0.0,0.0,0.0,0.0,0.0,0.0,0.0,0.0,0.0
192,2019-12-04,1,2,0,0,2,2.8,16.0,5.0,0.0,3.0,3.0,0.0,1.0,3.0,1.0,3.0,0.0,0.0,0.0,0.0,2.0,0.0,0.0,4.0,3.0,0.0,0.0,0.0,0.0
193,2019-12-05,1,3,0,0,0,-2.8,16.0,3.0,1.0,0.0,5.0,1.0,6.0,1.0,4.0,0.0,0.0,0.0,0.0,1.0,2.0,0.0,0.0,0.0,1.0,0.0,0.0,0.0,0.0
194,2019-12-05,2,3,0,0,0,-2.8,1.0,0.0,0.0,0.0,0.0,0.0,1.0,0.0,0.0,0.0,0.0,0.0,0.0,0.0,0.0,0.0,0.0,1.0,0.0,0.0,0.0,0.0,0.0
195,2019-12-06,1,4,0,0,0,-5.7,14.0,4.0,1.0,1.0,5.0,2.0,2.0,2.0,2.0,1.0,0.0,0.0,1.0,0.0,1.0,1.0,0.0,1.0,2.0,0.0,0.0,0.0,0.0
196,2019-12-06,2,4,0,0,0,-5.7,0.0,0.0,1.0,1.0,0.0,0.0,0.0,0.0,0.0,0.0,0.0,0.0,0.0,1.0,0.0,0.0,0.0,1.0,0.0,0.0,0.0,0.0,0.0
197,2019-12-07,1,5,0,0,2,-2.1,12.0,4.0,1.0,0.0,3.0,0.0,4.0,2.0,4.0,1.0,0.0,0.0,1.0,0.0,0.0,0.0,0.0,4.0,0.0,0.0,0.0,0.0,0.0
198,2019-12-08,1,6,0,0,2,-1.4,27.0,11.0,2.0,9.0,3.0,3.0,11.0,4.0,0.0,5.0,0.0,0.0,0.0,0.0,4.0,1.0,0.0,6.0,4.0,0.0,0.0,0.0,0.0
199,2019-12-09,1,0,0,0,1,3.2,8.0,0.0,1.0,2.0,2.0,0.0,6.0,2.0,1.0,0.0,0.0,0.0,0.0,0.0,0.0,0.0,0.0,1.0,0.0,2.0,1.0,0.0,0.0
200,2019-12-09,2,0,0,0,1,3.2,2.0,0.0,0.0,0.0,0.0,0.0,1.0,0.0,0.0,0.0,0.0,0.0,0.0,0.0,0.0,0.0,0.0,0.0,0.0,0.0,0.0,0.0,0.0
201,2019-12-11,1,2,0,0,2,7.5,5.0,10.0,0.0,3.0,5.0,1.0,3.0,0.0,6.0,2.0,0.0,0.0,0.0,0.0,0.0,0.0,0.0,4.0,0.0,0.0,0.0,0.0,0.0
202,2019-12-11,2,2,0,0,2,7.5,1.0,1.0,1.0,2.0,2.0,0.0,0.0,0.0,0.0,0.0,0.0,0.0,0.0,0.0,0.0,0.0,0.0,0.0,0.0,0.0,0.0,0.0,0.0
203,2019-12-12,1,3,0,0,0,0.0,14.0,5.0,4.0,3.0,1.0,1.0,5.0,0.0,2.0,0.0,0.0,0.0,1.0,0.0,0.0,0.0,0.0,1.0,2.0,0.0,1.0,0.0,0.0
204,2019-12-12,2,3,0,0,0,0.0,0.0,0.0,0.0,0.0,0.0,0.0,1.0,1.0,0.0,0.0,0.0,0.0,0.0,1.0,0.0,1.0,0.0,0.0,1.0,0.0,0.0,0.0,0.0
205,2019-12-13,1,4,0,0,2,1.6,7.0,0.0,0.0,5.0,1.0,2.0,0.0,0.0,0.0,0.0,0.0,0.0,0.0,0.0,0.0,0.0,0.0,0.0,0.0,0.0,0.0,0.0,0.0
206,2019-12-13,2,4,0,0,2,1.6,1.0,2.0,2.0,1.0,1.0,0.0,0.0,0.0,1.0,0.0,0.0,0.0,0.0,0.0,0.0,0.0,0.0,0.0,0.0,0.0,0.0,0.0,0.0
207,2019-12-14,1,5,0,0,2,3.3,11.0,4.0,0.0,0.0,2.0,3.0,7.0,0.0,1.0,0.0,0.0,0.0,2.0,0.0,0.0,0.0,0.0,0.0,0.0,1.0,0.0,0.0,0.0
208,2019-12-15,1,6,0,0,2,4.0,12.0,0.0,0.0,3.0,1.0,2.0,1.0,4.0,1.0,1.0,0.0,0.0,0.0,0.0,0.0,1.0,0.0,1.0,0.0,1.0,1.0,0.0,0.0
209,2019-12-15,2,6,0,0,2,4.0,3.0,0.0,0.0,0.0,0.0,0.0,1.0,1.0,0.0,0.0,0.0,0.0,1.0,0.0,0.0,0.0,0.0,0.0,0.0,0.0,0.0,0.0,0.0
210,2019-12-16,1,0,0,0,1,6.8,11.0,1.0,0.0,1.0,1.0,2.0,5.0,1.0,2.0,0.0,0.0,0.0,2.0,1.0,0.0,0.0,0.0,3.0,1.0,1.0,0.0,0.0,0.0
211,2019-12-18,1,2,0,0,2,1.9,12.0,3.0,0.0,0.0,0.0,1.0,2.0,0.0,1.0,0.0,0.0,0.0,3.0,1.0,0.0,0.0,1.0,1.0,2.0,0.0,0.0,0.0,0.0
212,2019-12-18,2,2,0,0,2,1.9,4.0,0.0,0.0,0.0,2.0,0.0,0.0,1.0,3.0,0.0,0.0,0.0,0.0,2.0,2.0,0.0,0.0,2.0,0.0,0.0,0.0,0.0,0.0
213,2019-12-19,1,3,0,0,1,-0.3,11.0,5.0,3.0,0.0,5.0,0.0,4.0,1.0,5.0,0.0,0.0,0.0,1.0,1.0,1.0,0.0,0.0,1.0,4.0,0.0,0.0,0.0,1.0
214,2019-12-20,1,4,0,0,1,-0.1,5.0,1.0,0.0,1.0,0.0,0.0,3.0,0.0,0.0,2.0,0.0,0.0,0.0,0.0,0.0,0.0,0.0,2.0,0.0,0.0,0.0,0.0,0.0
215,2019-12-20,2,4,0,0,1,-0.1,3.0,3.0,1.0,1.0,2.0,0.0,0.0,0.0,0.0,0.0,0.0,0.0,0.0,0.0,0.0,0.0,0.0,1.0,0.0,0.0,0.0,0.0,0.0
216,2019-12-21,1,5,0,0,2,-1.2,8.0,1.0,0.0,4.0,6.0,1.0,3.0,3.0,5.0,1.0,0.0,0.0,1.0,2.0,0.0,0.0,0.0,4.0,3.0,0.0,1.0,0.0,0.0
217,2019-12-22,1,6,0,0,2,3.4,8.0,8.0,0.0,5.0,6.0,0.0,4.0,0.0,2.0,0.0,0.0,0.0,0.0,0.0,2.0,0.0,0.0,4.0,1.0,2.0,0.0,0.0,0.0
218,2019-12-22,2,6,0,0,2,3.4,2.0,0.0,0.0,1.0,1.0,1.0,2.0,0.0,0.0,0.0,0.0,0.0,0.0,0.0,0.0,0.0,0.0,0.0,0.0,0.0,0.0,0.0,0.0
219,2019-12-23,1,0,0,0,2,4.2,7.0,0.0,0.0,3.0,2.0,3.0,2.0,3.0,2.0,1.0,0.0,0.0,3.0,0.0,0.0,2.0,0.0,1.0,4.0,0.0,0.0,0.0,0.0
220,2019-12-23,2,0,0,0,2,4.2,1.0,1.0,0.0,0.0,0.0,0.0,0.0,0.0,0.0,0.0,0.0,0.0,0.0,0.0,0.0,0.0,0.0,1.0,0.0,0.0,0.0,0.0,0.0
221,2019-12-24,1,1,0,0,0,0.4,4.0,0.0,0.0,1.0,0.0,0.0,2.0,0.0,0.0,0.0,0.0,0.0,0.0,1.0,0.0,1.0,0.0,0.0,2.0,0.0,0.0,0.0,1.0
222,2019-12-25,1,2,1,4,1,1.4,5.0,2.0,1.0,1.0,4.0,1.0,3.0,0.0,0.0,0.0,0.0,0.0,0.0,0.0,0.0,1.0,0.0,1.0,0.0,1.0,0.0,0.0,0.0
223,2019-12-25,2,2,1,4,1,1.4,0.0,3.0,0.0,0.0,0.0,0.0,0.0,0.0,0.0,0.0,0.0,0.0,0.0,0.0,0.0,0.0,0.0,0.0,0.0,1.0,0.0,0.0,0.0
224,2019-12-26,1,3,0,0,2,3.0,4.0,1.0,1.0,1.0,1.0,0.0,4.0,0.0,0.0,0.0,0.0,0.0,1.0,0.0,0.0,1.0,0.0,1.0,0.0,1.0,0.0,0.0,0.0
225,2019-12-26,2,3,0,0,2,3.0,0.0,0.0,0.0,0.0,0.0,0.0,0.0,1.0,0.0,0.0,0.0,0.0,0.0,1.0,0.0,0.0,0.0,1.0,0.0,0.0,0.0,0.0,0.0
226,2019-12-27,1,4,0,0,2,-1.2,2.0,1.0,1.0,0.0,1.0,0.0,2.0,0.0,2.0,0.0,0.0,0.0,0.0,0.0,0.0,0.0,0.0,1.0,1.0,0.0,0.0,0.0,0.0
227,2019-12-28,1,5,0,0,1,0.8,17.0,5.0,2.0,2.0,7.0,1.0,6.0,2.0,4.0,1.0,0.0,0.0,0.0,0.0,4.0,3.0,0.0,2.0,1.0,0.0,0.0,0.0,0.0
228,2019-12-28,2,5,0,0,1,0.8,6.0,2.0,0.0,0.0,5.0,0.0,3.0,3.0,0.0,1.0,0.0,0.0,0.0,0.0,0.0,1.0,0.0,0.0,2.0,0.0,0.0,0.0,0.0
229,2019-12-29,1,6,0,0,2,3.9,14.0,5.0,1.0,4.0,0.0,1.0,5.0,3.0,4.0,0.0,0.0,0.0,0.0,1.0,2.0,2.0,0.0,2.0,0.0,3.0,0.0,0.0,0.0
230,2019-12-29,2,6,0,0,2,3.9,0.0,1.0,0.0,1.0,0.0,0.0,0.0,0.0,0.0,1.0,0.0,0.0,0.0,0.0,0.0,0.0,0.0,1.0,2.0,0.0,0.0,0.0,0.0
231,2019-12-30,1,0,0,0,2,4.0,11.0,2.0,1.0,1.0,4.0,0.0,7.0,0.0,6.0,2.0,0.0,0.0,0.0,0.0,2.0,0.0,0.0,3.0,2.0,0.0,0.0,0.0,0.0
232,2019-12-30,2,0,0,0,2,4.0,5.0,0.0,0.0,0.0,0.0,0.0,1.0,0.0,0.0,0.0,0.0,0.0,2.0,0.0,0.0,0.0,0.0,1.0,2.0,0.0,0.0,0.0,1.0
233,2020-01-02,1,3,0,0,2,1.6,10.0,5.0,2.0,1.0,3.0,1.0,3.0,1.0,3.0,1.0,0.0,0.0,1.0,0.0,2.0,0.0,0.0,3.0,1.0,0.0,0.0,0.0,1.0
234,2020-01-02,2,3,0,0,2,1.6,8.0,0.0,0.0,0.0,0.0,0.0,1.0,0.0,0.0,0.0,0.0,0.0,0.0,0.0,0.0,0.0,0.0,0.0,0.0,0.0,0.0,0.0,0.0
235,2020-01-03,1,4,0,0,0,0.2,7.0,3.0,0.0,0.0,4.0,0.0,6.0,0.0,0.0,1.0,0.0,0.0,1.0,0.0,5.0,0.0,0.0,4.0,3.0,1.0,0.0,0.0,0.0
236,2020-01-03,2,4,0,0,0,0.2,5.0,1.0,0.0,0.0,0.0,1.0,0.0,0.0,1.0,0.0,0.0,0.0,0.0,2.0,0.0,0.0,0.0,4.0,0.0,0.0,0.0,0.0,0.0
237,2020-01-04,1,5,0,0,1,1.0,8.0,1.0,0.0,2.0,0.0,2.0,1.0,1.0,1.0,0.0,0.0,0.0,0.0,0.0,0.0,1.0,1.0,1.0,0.0,0.0,0.0,0.0,0.0
238,2020-01-04,2,5,0,0,1,1.0,1.0,0.0,0.0,0.0,0.0,0.0,0.0,0.0,0.0,0.0,0.0,0.0,0.0,1.0,0.0,0.0,0.0,1.0,4.0,1.0,0.0,0.0,0.0
239,2020-01-05,1,6,0,0,0,0.7,16.0,4.0,1.0,3.0,3.0,0.0,3.0,3.0,1.0,1.0,0.0,0.0,1.0,0.0,0.0,1.0,0.0,4.0,4.0,1.0,0.0,0.0,0.0
240,2020-01-05,2,6,0,0,0,0.7,4.0,1.0,0.0,1.0,0.0,0.0,0.0,0.0,1.0,0.0,0.0,0.0,1.0,0.0,0.0,0.0,0.0,2.0,0.0,0.0,0.0,0.0,0.0
241,2020-01-06,1,0,0,0,2,2.9,3.0,2.0,0.0,0.0,5.0,1.0,3.0,0.0,1.0,0.0,0.0,0.0,0.0,1.0,1.0,0.0,0.0,1.0,0.0,0.0,0.0,0.0,0.0
242,2020-01-06,2,0,0,0,2,2.9,1.0,0.0,1.0,1.0,2.0,0.0,0.0,0.0,2.0,0.0,0.0,0.0,0.0,0.0,0.0,0.0,0.0,0.0,0.0,0.0,0.0,0.0,0.0
243,2020-01-08,1,2,0,0,2,3.9,19.0,3.0,0.0,0.0,4.0,3.0,3.0,1.0,1.0,0.0,0.0,0.0,0.0,0.0,0.0,0.0,0.0,2.0,1.0,0.0,0.0,0.0,0.0
244,2020-01-08,2,2,0,0,2,3.9,9.0,0.0,0.0,1.0,0.0,0.0,1.0,0.0,0.0,0.0,0.0,0.0,1.0,0.0,0.0,0.0,0.0,1.0,2.0,0.0,0.0,0.0,0.0
245,2020-01-09,1,3,0,0,2,-0.2,13.0,5.0,1.0,2.0,1.0,0.0,6.0,0.0,1.0,0.0,0.0,0.0,0.0,1.0,2.0,0.0,0.0,3.0,3.0,0.0,0.0,0.0,0.0
246,2020-01-09,2,3,0,0,2,-0.2,7.0,4.0,0.0,0.0,1.0,0.0,0.0,0.0,1.0,0.0,0.0,0.0,0.0,0.0,3.0,0.0,0.0,1.0,3.0,0.0,0.0,0.0,0.0
247,2020-01-10,1,4,0,0,0,-0.5,9.0,0.0,0.0,2.0,0.0,0.0,3.0,3.0,2.0,0.0,0.0,0.0,1.0,0.0,0.0,0.0,0.0,2.0,2.0,2.0,0.0,0.0,0.0
248,2020-01-10,2,4,0,0,0,-0.5,1.0,1.0,1.0,1.0,1.0,0.0,0.0,0.0,0.0,0.0,0.0,0.0,0.0,0.0,0.0,0.0,0.0,0.0,0.0,0.0,0.0,0.0,0.0
249,2020-01-11,1,5,0,0,1,0.0,8.0,0.0,0.0,1.0,3.0,0.0,9.0,0.0,1.0,0.0,0.0,0.0,0.0,1.0,1.0,0.0,0.0,0.0,0.0,0.0,0.0,0.0,0.0
250,2020-01-11,2,5,0,0,1,0.0,2.0,0.0,0.0,0.0,0.0,0.0,0.0,0.0,0.0,0.0,0.0,0.0,0.0,0.0,2.0,0.0,1.0,1.0,0.0,0.0,0.0,0.0,0.0
251,2020-01-12,1,6,0,0,1,-0.2,16.0,8.0,3.0,1.0,5.0,0.0,1.0,5.0,3.0,1.0,0.0,0.0,2.0,2.0,3.0,0.0,0.0,1.0,2.0,0.0,1.0,0.0,0.0
252,2020-01-12,2,6,0,0,1,-0.2,3.0,1.0,1.0,4.0,0.0,2.0,0.0,0.0,1.0,0.0,0.0,0.0,1.0,0.0,0.0,1.0,0.0,1.0,1.0,0.0,0.0,0.0,0.0
253,2020-01-13,1,0,0,0,1,-1.9,3.0,2.0,0.0,1.0,1.0,0.0,2.0,0.0,0.0,0.0,0.0,0.0,1.0,0.0,2.0,0.0,0.0,0.0,0.0,2.0,1.0,0.0,0.0
254,2020-01-13,2,0,0,0,1,-1.9,3.0,0.0,1.0,0.0,2.0,0.0,0.0,1.0,2.0,1.0,0.0,0.0,1.0,0.0,0.0,0.0,0.0,0.0,0.0,1.0,1.0,0.0,0.0
255,2020-01-15,1,2,0,0,0,-2.0,15.0,5.0,1.0,1.0,4.0,0.0,12.0,3.0,4.0,2.0,0.0,0.0,1.0,0.0,5.0,2.0,0.0,1.0,1.0,0.0,0.0,0.0,0.0
256,2020-01-16,1,3,0,0,1,-1.4,2.0,2.0,0.0,0.0,1.0,1.0,0.0,0.0,0.0,0.0,0.0,0.0,0.0,0.0,0.0,0.0,0.0,0.0,0.0,0.0,0.0,0.0,1.0
257,2020-01-17,1,4,0,0,1,-0.6,7.0,3.0,0.0,1.0,3.0,0.0,0.0,1.0,1.0,0.0,0.0,0.0,0.0,0.0,1.0,1.0,0.0,2.0,3.0,0.0,0.0,0.0,0.0
258,2020-01-18,1,5,0,0,0,0.1,7.0,4.0,2.0,2.0,4.0,0.0,5.0,2.0,1.0,0.0,0.0,0.0,0.0,0.0,0.0,1.0,0.0,0.0,0.0,0.0,0.0,0.0,0.0
259,2020-01-18,2,5,0,0,0,0.1,2.0,2.0,0.0,0.0,1.0,0.0,0.0,0.0,0.0,1.0,0.0,0.0,0.0,0.0,0.0,0.0,0.0,0.0,2.0,1.0,0.0,0.0,0.0
260,2020-01-19,1,6,0,0,2,1.9,13.0,4.0,2.0,4.0,1.0,2.0,8.0,7.0,2.0,1.0,0.0,0.0,0.0,4.0,4.0,1.0,0.0,1.0,0.0,3.0,1.0,0.0,0.0
261,2020-01-19,2,6,0,0,2,1.9,8.0,4.0,0.0,3.0,0.0,0.0,0.0,0.0,0.0,1.0,0.0,0.0,0.0,0.0,0.0,0.0,0.0,1.0,1.0,0.0,0.0,0.0,0.0
262,2020-01-20,1,0,0,0,2,1.5,3.0,0.0,0.0,1.0,7.0,0.0,3.0,0.0,1.0,0.0,0.0,0.0,0.0,0.0,1.0,1.0,0.0,2.0,0.0,0.0,0.0,0.0,1.0
263,2020-01-22,1,2,0,0,1,2.7,5.0,2.0,0.0,2.0,4.0,0.0,2.0,0.0,1.0,0.0,0.0,0.0,0.0,1.0,1.0,0.0,0.0,0.0,0.0,1.0,0.0,0.0,0.0
264,2020-01-22,2,2,0,0,1,2.7,2.0,2.0,1.0,1.0,0.0,0.0,0.0,0.0,1.0,0.0,0.0,0.0,0.0,1.0,0.0,1.0,0.0,1.0,0.0,0.0,0.0,0.0,0.0
265,2020-01-23,1,3,0,0,1,4.2,27.0,5.0,1.0,2.0,1.0,0.0,6.0,1.0,2.0,0.0,0.0,0.0,0.0,1.0,5.0,0.0,0.0,1.0,0.0,0.0,0.0,0.0,0.0
266,2020-01-23,2,3,0,0,1,4.2,2.0,2.0,1.0,1.0,0.0,0.0,0.0,0.0,1.0,0.0,0.0,0.0,0.0,0.0,0.0,0.0,0.0,1.0,0.0,2.0,0.0,0.0,0.0
267,2020-01-24,1,4,0,0,1,2.8,3.0,1.0,1.0,0.0,0.0,0.0,2.0,0.0,2.0,0.0,0.0,0.0,0.0,0.0,0.0,1.0,0.0,0.0,3.0,0.0,0.0,0.0,0.0
268,2020-01-26,1,6,0,0,1,4.9,7.0,4.0,0.0,0.0,6.0,0.0,2.0,2.0,1.0,1.0,0.0,0.0,0.0,0.0,0.0,1.0,0.0,1.0,2.0,0.0,1.0,0.0,0.0
269,2020-01-26,2,6,0,0,1,4.9,1.0,0.0,0.0,0.0,0.0,0.0,1.0,0.0,0.0,0.0,0.0,0.0,0.0,0.0,1.0,0.0,0.0,0.0,0.0,0.0,0.0,0.0,0.0
270,2020-01-27,1,0,1,4,2,6.6,9.0,0.0,0.0,1.0,4.0,0.0,4.0,4.0,2.0,0.0,0.0,0.0,1.0,0.0,3.0,2.0,0.0,1.0,1.0,0.0,0.0,0.0,0.0
271,2020-01-29,1,2,0,0,2,5.7,4.0,3.0,0.0,1.0,0.0,0.0,2.0,1.0,0.0,1.0,0.0,0.0,0.0,1.0,1.0,0.0,0.0,1.0,0.0,1.0,0.0,0.0,0.0
272,2020-01-29,2,2,0,0,2,5.7,3.0,0.0,0.0,0.0,0.0,0.0,1.0,0.0,0.0,0.0,0.0,0.0,0.0,0.0,0.0,0.0,0.0,0.0,2.0,0.0,0.0,0.0,0.0
273,2020-01-30,1,3,0,0,1,5.0,13.0,5.0,0.0,2.0,7.0,2.0,4.0,3.0,3.0,1.0,0.0,0.0,3.0,0.0,0.0,1.0,1.0,2.0,1.0,0.0,1.0,0.0,1.0
274,2020-01-30,2,3,0,0,1,5.0,2.0,0.0,1.0,0.0,1.0,0.0,0.0,0.0,0.0,0.0,0.0,0.0,1.0,0.0,0.0,0.0,0.0,0.0,0.0,0.0,0.0,0.0,0.0
275,2020-01-31,1,4,0,0,1,4.0,9.0,7.0,2.0,1.0,0.0,0.0,5.0,0.0,2.0,3.0,0.0,0.0,1.0,0.0,2.0,1.0,0.0,4.0,0.0,1.0,1.0,0.0,0.0
276,2020-01-31,2,4,0,0,1,4.0,0.0,1.0,0.0,0.0,0.0,0.0,0.0,0.0,0.0,0.0,0.0,0.0,0.0,0.0,0.0,1.0,0.0,1.0,0.0,0.0,0.0,0.0,0.0
277,2020-02-01,1,5,0,0,1,2.4,8.0,3.0,1.0,0.0,2.0,0.0,4.0,2.0,2.0,0.0,0.0,0.0,1.0,1.0,0.0,0.0,0.0,0.0,0.0,2.0,0.0,0.0,0.0
278,2020-02-01,2,5,0,0,1,2.4,5.0,0.0,0.0,2.0,0.0,0.0,0.0,0.0,2.0,0.0,0.0,0.0,0.0,0.0,0.0,0.0,0.0,2.0,0.0,0.0,0.0,0.0,0.0
279,2020-02-02,1,6,0,0,1,1.8,17.0,13.0,1.0,3.0,9.0,0.0,6.0,1.0,3.0,1.0,0.0,0.0,0.0,0.0,3.0,0.0,0.0,4.0,1.0,0.0,0.0,0.0,1.0
280,2020-02-02,2,6,0,0,1,1.8,4.0,0.0,0.0,0.0,0.0,1.0,0.0,0.0,0.0,0.0,0.0,0.0,0.0,1.0,2.0,0.0,0.0,2.0,0.0,0.0,0.0,0.0,0.0
281,2020-02-03,1,0,0,0,1,0.7,9.0,0.0,0.0,0.0,2.0,0.0,0.0,0.0,0.0,0.0,0.0,0.0,0.0,0.0,1.0,0.0,0.0,1.0,2.0,0.0,0.0,0.0,0.0
282,2020-02-03,2,0,0,0,1,0.7,3.0,0.0,0.0,0.0,0.0,1.0,2.0,0.0,0.0,0.0,0.0,0.0,0.0,0.0,0.0,0.0,0.0,0.0,0.0,0.0,0.0,0.0,0.0
283,2020-02-05,1,2,0,0,3,-7.2,20.0,6.0,4.0,2.0,2.0,1.0,7.0,1.0,2.0,2.0,0.0,0.0,0.0,2.0,3.0,1.0,0.0,1.0,3.0,1.0,0.0,0.0,0.0
284,2020-02-05,2,2,0,0,3,-7.2,1.0,0.0,0.0,0.0,0.0,0.0,0.0,0.0,0.0,0.0,0.0,0.0,0.0,0.0,0.0,1.0,0.0,1.0,0.0,0.0,0.0,0.0,0.0
285,2020-02-06,1,3,0,0,0,-6.1,14.0,3.0,1.0,0.0,6.0,1.0,4.0,1.0,0.0,2.0,0.0,0.0,0.0,0.0,1.0,1.0,0.0,4.0,1.0,0.0,0.0,0.0,0.0
286,2020-02-06,2,3,0,0,0,-6.1,1.0,1.0,1.0,0.0,0.0,0.0,0.0,0.0,1.0,0.0,0.0,0.0,0.0,0.0,0.0,0.0,0.0,0.0,0.0,0.0,0.0,0.0,0.0
287,2020-02-07,1,4,0,0,1,-1.7,7.0,3.0,1.0,1.0,2.0,1.0,0.0,1.0,3.0,0.0,0.0,0.0,0.0,3.0,2.0,2.0,1.0,2.0,0.0,3.0,3.0,0.0,0.0
288,2020-02-07,2,4,0,0,1,-1.7,6.0,5.0,0.0,0.0,2.0,0.0,1.0,0.0,1.0,3.0,0.0,0.0,0.0,0.0,1.0,0.0,0.0,2.0,3.0,2.0,0.0,0.0,0.0
289,2020-02-08,1,5,0,0,1,0.6,14.0,8.0,1.0,3.0,4.0,0.0,1.0,2.0,5.0,0.0,0.0,0.0,0.0,0.0,3.0,1.0,0.0,3.0,1.0,0.0,0.0,0.0,0.0
290,2020-02-08,2,5,0,0,1,0.6,2.0,0.0,0.0,0.0,1.0,0.0,2.0,0.0,1.0,0.0,0.0,0.0,1.0,0.0,0.0,0.0,0.0,1.0,0.0,0.0,0.0,0.0,1.0
291,2020-02-09,1,6,0,0,1,-0.5,14.0,9.0,5.0,7.0,3.0,0.0,3.0,2.0,2.0,1.0,0.0,0.0,2.0,0.0,4.0,0.0,0.0,2.0,3.0,2.0,1.0,0.0,1.0
292,2020-02-09,2,6,0,0,1,-0.5,6.0,2.0,0.0,2.0,0.0,0.0,0.0,0.0,0.0,0.0,0.0,0.0,0.0,0.0,0.0,1.0,0.0,2.0,0.0,2.0,0.0,0.0,0.0
293,2020-02-10,1,0,0,0,1,4.0,2.0,1.0,2.0,0.0,1.0,0.0,2.0,1.0,3.0,1.0,0.0,0.0,0.0,0.0,0.0,0.0,0.0,2.0,0.0,0.0,0.0,0.0,0.0
294,2020-02-12,1,2,0,0,2,7.1,20.0,1.0,1.0,2.0,5.0,2.0,8.0,0.0,4.0,2.0,0.0,0.0,6.0,1.0,2.0,0.0,0.0,1.0,2.0,4.0,0.0,0.0,0.0
295,2020-02-12,2,2,0,0,2,7.1,1.0,1.0,1.0,0.0,2.0,0.0,1.0,5.0,2.0,0.0,0.0,0.0,0.0,1.0,0.0,0.0,0.0,2.0,0.0,0.0,0.0,0.0,0.0
296,2020-02-13,1,3,0,0,2,6.6,5.0,0.0,0.0,3.0,1.0,0.0,2.0,0.0,2.0,2.0,0.0,0.0,0.0,0.0,0.0,0.0,0.0,0.0,0.0,1.0,0.0,0.0,0.0
297,2020-02-13,2,3,0,0,2,6.6,1.0,0.0,0.0,5.0,0.0,0.0,0.0,0.0,0.0,0.0,0.0,0.0,0.0,0.0,0.0,0.0,0.0,1.0,0.0,0.0,0.0,0.0,0.0
298,2020-02-14,1,4,1,3,2,7.5,15.0,0.0,0.0,2.0,3.0,0.0,4.0,0.0,6.0,1.0,0.0,0.0,1.0,1.0,8.0,0.0,0.0,6.0,1.0,0.0,0.0,0.0,1.0
299,2020-02-14,2,4,1,3,2,7.5,2.0,0.0,0.0,0.0,0.0,0.0,0.0,0.0,1.0,0.0,0.0,0.0,0.0,0.0,0.0,0.0,0.0,0.0,0.0,0.0,0.0,0.0,0.0
300,2020-02-15,1,5,0,0,2,9.0,7.0,6.0,3.0,6.0,7.0,0.0,3.0,2.0,3.0,1.0,0.0,0.0,1.0,0.0,2.0,0.0,2.0,3.0,3.0,1.0,0.0,0.0,0.0
301,2020-02-15,2,5,0,0,2,9.0,2.0,0.0,0.0,0.0,1.0,0.0,0.0,0.0,0.0,0.0,0.0,0.0,1.0,0.0,0.0,0.0,0.0,0.0,0.0,0.0,0.0,0.0,0.0
302,2020-02-16,1,6,0,0,2,0.0,16.0,12.0,0.0,10.0,10.0,0.0,3.0,1.0,3.0,0.0,0.0,0.0,0.0,0.0,2.0,0.0,0.0,2.0,2.0,0.0,0.0,0.0,0.0
303,2020-02-16,2,6,0,0,2,0.0,3.0,0.0,0.0,0.0,0.0,0.0,0.0,0.0,0.0,0.0,0.0,0.0,0.0,0.0,0.0,0.0,0.0,0.0,0.0,0.0,0.0,0.0,0.0
304,2020-02-17,1,0,0,0,3,-5.0,8.0,0.0,0.0,1.0,3.0,1.0,3.0,2.0,2.0,2.0,0.0,0.0,2.0,0.0,0.0,0.0,0.0,1.0,3.0,0.0,0.0,0.0,0.0
305,2020-02-17,2,0,0,0,3,-5.0,1.0,0.0,0.0,0.0,1.0,0.0,2.0,1.0,0.0,2.0,0.0,0.0,0.0,1.0,0.0,0.0,0.0,0.0,3.0,0.0,0.0,0.0,0.0
306,2020-02-19,1,2,0,0,1,0.9,14.0,5.0,2.0,0.0,6.0,1.0,1.0,1.0,4.0,1.0,0.0,0.0,1.0,0.0,0.0,0.0,0.0,3.0,1.0,0.0,0.0,0.0,0.0
307,2020-02-20,1,3,0,0,1,4.2,16.0,5.0,0.0,1.0,5.0,0.0,9.0,0.0,1.0,1.0,0.0,0.0,1.0,0.0,2.0,0.0,0.0,1.0,0.0,4.0,0.0,0.0,0.0
308,2020-02-20,2,3,0,0,1,4.2,3.0,0.0,0.0,0.0,0.0,1.0,0.0,0.0,0.0,0.0,0.0,0.0,0.0,0.0,0.0,0.0,1.0,0.0,0.0,0.0,0.0,0.0,0.0
309,2020-02-21,1,4,0,0,2,6.5,6.0,6.0,0.0,1.0,7.0,1.0,1.0,2.0,0.0,2.0,0.0,0.0,1.0,0.0,0.0,1.0,0.0,3.0,2.0,1.0,0.0,0.0,0.0
310,2020-02-22,1,5,0,0,2,5.1,22.0,7.0,0.0,1.0,7.0,0.0,7.0,3.0,6.0,0.0,0.0,0.0,0.0,2.0,5.0,1.0,0.0,3.0,4.0,3.0,0.0,0.0,0.0
311,2020-02-22,2,5,0,0,2,5.1,1.0,0.0,0.0,1.0,0.0,0.0,0.0,0.0,0.0,0.0,0.0,0.0,0.0,0.0,0.0,0.0,0.0,1.0,0.0,0.0,0.0,0.0,0.0
312,2020-02-23,1,6,0,0,0,2.7,19.0,15.0,1.0,11.0,15.0,3.0,14.0,3.0,6.0,0.0,0.0,0.0,2.0,5.0,6.0,2.0,0.0,5.0,2.0,6.0,2.0,0.0,0.0
313,2020-02-23,2,6,0,0,0,2.7,10.0,0.0,0.0,1.0,0.0,0.0,0.0,0.0,0.0,0.0,0.0,0.0,3.0,1.0,0.0,0.0,0.0,4.0,2.0,0.0,0.0,0.0,1.0
314,2020-02-24,1,0,0,0,1,6.4,13.0,0.0,0.0,2.0,5.0,1.0,2.0,1.0,2.0,0.0,0.0,0.0,0.0,2.0,1.0,0.0,0.0,1.0,3.0,1.0,0.0,0.0,0.0
315,2020-02-24,2,0,0,0,1,6.4,3.0,0.0,0.0,0.0,1.0,0.0,1.0,0.0,0.0,0.0,0.0,0.0,1.0,0.0,0.0,0.0,0.0,1.0,0.0,0.0,0.0,0.0,0.0
316,2020-02-26,1,2,0,0,2,6.8,15.0,7.0,0.0,3.0,3.0,1.0,5.0,6.0,3.0,2.0,0.0,0.0,0.0,1.0,2.0,2.0,0.0,7.0,1.0,2.0,1.0,0.0,0.0
317,2020-02-26,2,2,0,0,2,6.8,7.0,0.0,0.0,0.0,2.0,0.0,0.0,0.0,0.0,1.0,0.0,0.0,0.0,0.0,0.0,0.0,0.0,0.0,0.0,0.0,0.0,0.0,0.0
318,2020-02-27,1,3,0,0,1,6.1,8.0,3.0,0.0,3.0,3.0,1.0,6.0,1.0,2.0,0.0,0.0,0.0,0.0,2.0,0.0,2.0,0.0,3.0,0.0,0.0,0.0,0.0,0.0
319,2020-02-27,2,3,0,0,1,6.1,4.0,1.0,0.0,0.0,0.0,0.0,0.0,0.0,1.0,0.0,0.0,0.0,0.0,0.0,0.0,0.0,0.0,1.0,0.0,0.0,0.0,0.0,0.0
320,2020-02-28,1,4,0,0,2,4.7,15.0,8.0,3.0,5.0,3.0,1.0,3.0,5.0,2.0,2.0,0.0,0.0,0.0,0.0,1.0,1.0,0.0,3.0,3.0,6.0,1.0,0.0,1.0
321,2020-02-28,2,4,0,0,2,4.7,4.0,0.0,0.0,0.0,0.0,0.0,0.0,0.0,0.0,0.0,0.0,0.0,1.0,1.0,0.0,1.0,0.0,2.0,1.0,0.0,0.0,0.0,1.0
322,2020-02-29,1,5,0,0,2,7.7,14.0,6.0,1.0,4.0,3.0,1.0,2.0,2.0,4.0,2.0,0.0,0.0,2.0,0.0,4.0,0.0,0.0,2.0,1.0,1.0,0.0,0.0,0.0
323,2020-02-29,2,5,0,0,2,7.7,2.0,0.0,0.0,4.0,0.0,0.0,0.0,0.0,0.0,1.0,0.0,0.0,0.0,1.0,0.0,1.0,0.0,0.0,0.0,0.0,0.0,0.0,0.0
324,2020-03-01,1,6,1,2,1,5.8,17.0,8.0,1.0,8.0,3.0,5.0,8.0,4.0,2.0,2.0,0.0,0.0,1.0,0.0,3.0,2.0,0.0,9.0,1.0,5.0,1.0,0.0,1.0
325,2020-03-01,2,6,1,2,1,5.8,1.0,0.0,0.0,0.0,1.0,0.0,0.0,0.0,0.0,0.0,0.0,0.0,0.0,1.0,0.0,0.0,0.0,1.0,1.0,0.0,0.0,0.0,0.0
326,2020-03-02,1,0,0,0,2,4.0,14.0,12.0,2.0,1.0,7.0,1.0,7.0,0.0,3.0,0.0,0.0,0.0,1.0,0.0,2.0,0.0,0.0,2.0,0.0,0.0,0.0,0.0,0.0
327,2020-03-02,2,0,0,0,2,4.0,1.0,0.0,0.0,0.0,0.0,0.0,0.0,0.0,0.0,0.0,0.0,0.0,0.0,1.0,0.0,2.0,1.0,1.0,1.0,0.0,0.0,0.0,0.0
328,2020-03-05,1,3,0,0,2,1.5,25.0,11.0,3.0,6.0,3.0,3.0,9.0,4.0,4.0,2.0,0.0,0.0,0.0,0.0,1.0,0.0,0.0,2.0,0.0,1.0,1.0,0.0,0.0
329,2020-03-05,2,3,0,0,2,1.5,6.0,0.0,0.0,0.0,2.0,1.0,0.0,1.0,0.0,0.0,0.0,0.0,0.0,0.0,0.0,0.0,0.0,3.0,1.0,0.0,0.0,0.0,0.0
330,2020-03-06,1,4,0,0,0,3.4,17.0,8.0,5.0,2.0,10.0,3.0,4.0,2.0,3.0,0.0,0.0,0.0,2.0,0.0,2.0,2.0,1.0,2.0,0.0,4.0,0.0,0.0,0.0
331,2020-03-07,1,5,0,0,1,6.5,14.0,9.0,1.0,4.0,4.0,5.0,6.0,4.0,2.0,0.0,0.0,0.0,1.0,1.0,5.0,0.0,0.0,2.0,1.0,2.0,1.0,0.0,0.0
332,2020-03-08,1,6,0,0,0,8.4,12.0,10.0,2.0,2.0,4.0,1.0,6.0,4.0,3.0,2.0,0.0,0.0,2.0,0.0,1.0,3.0,1.0,2.0,3.0,1.0,0.0,0.0,0.0
333,2020-03-08,2,6,0,0,0,8.4,9.0,2.0,0.0,0.0,0.0,0.0,0.0,0.0,0.0,1.0,0.0,0.0,0.0,0.0,0.0,0.0,0.0,1.0,0.0,2.0,0.0,0.0,0.0
334,2020-03-09,1,0,0,0,1,10.3,6.0,5.0,1.0,2.0,1.0,0.0,5.0,1.0,3.0,0.0,0.0,0.0,0.0,0.0,3.0,0.0,0.0,2.0,0.0,2.0,0.0,0.0,0.0
335,2020-03-11,1,2,0,0,2,4.0,14.0,7.0,1.0,0.0,6.0,1.0,2.0,1.0,3.0,1.0,0.0,0.0,1.0,0.0,5.0,0.0,0.0,0.0,1.0,1.0,1.0,0.0,0.0
336,2020-03-12,1,3,0,0,4,6.7,16.0,7.0,1.0,1.0,3.0,2.0,6.0,0.0,5.0,0.0,0.0,0.0,0.0,1.0,1.0,0.0,0.0,4.0,1.0,2.0,0.0,0.0,0.0
337,2020-03-12,2,3,0,0,4,6.7,1.0,0.0,0.0,0.0,0.0,1.0,1.0,0.0,0.0,0.0,0.0,0.0,0.0,0.0,0.0,0.0,0.0,1.0,1.0,0.0,0.0,0.0,0.0
338,2020-03-13,1,4,0,0,2,5.7,11.0,2.0,0.0,1.0,5.0,0.0,7.0,0.0,2.0,0.0,0.0,0.0,1.0,1.0,0.0,1.0,0.0,4.0,0.0,0.0,0.0,0.0,0.0
339,2020-03-13,2,4,0,0,2,5.7,5.0,0.0,0.0,0.0,1.0,0.0,0.0,0.0,0.0,0.0,0.0,0.0,0.0,1.0,0.0,0.0,0.0,2.0,0.0,1.0,0.0,0.0,0.0
340,2020-03-14,1,5,0,0,1,3.8,10.0,6.0,1.0,2.0,1.0,1.0,6.0,2.0,3.0,1.0,0.0,0.0,0.0,1.0,3.0,0.0,0.0,4.0,4.0,0.0,1.0,0.0,0.0
341,2020-03-15,1,6,0,0,4,4.8,11.0,7.0,0.0,2.0,5.0,1.0,6.0,5.0,5.0,2.0,0.0,0.0,5.0,2.0,2.0,0.0,0.0,1.0,1.0,0.0,0.0,0.0,0.0
342,2020-03-16,1,0,0,0,0,3.4,17.0,11.0,0.0,2.0,8.0,1.0,6.0,0.0,5.0,0.0,0.0,0.0,0.0,0.0,0.0,0.0,0.0,0.0,0.0,2.0,0.0,0.0,0.0
343,2020-03-16,2,0,0,0,0,3.4,1.0,0.0,0.0,0.0,0.0,0.0,0.0,0.0,0.0,0.0,0.0,0.0,0.0,0.0,0.0,0.0,0.0,0.0,0.0,4.0,0.0,0.0,0.0
344,2020-03-18,1,2,0,0,0,9.4,22.0,9.0,1.0,1.0,7.0,0.0,4.0,2.0,5.0,3.0,0.0,0.0,2.0,1.0,1.0,0.0,0.0,6.0,4.0,2.0,0.0,0.0,1.0
345,2020-03-19,1,3,0,0,1,9.9,10.0,6.0,1.0,1.0,2.0,0.0,1.0,0.0,1.0,2.0,0.0,0.0,0.0,5.0,0.0,0.0,0.0,4.0,0.0,0.0,0.0,0.0,0.0
346,2020-03-19,2,3,0,0,1,9.9,0.0,0.0,0.0,0.0,0.0,2.0,2.0,0.0,0.0,0.0,0.0,0.0,0.0,0.0,0.0,0.0,0.0,0.0,0.0,0.0,0.0,0.0,0.0
347,2020-03-20,1,4,1,5,0,8.7,6.0,3.0,0.0,4.0,5.0,0.0,0.0,1.0,4.0,0.0,0.0,0.0,0.0,0.0,0.0,0.0,0.0,3.0,0.0,1.0,0.0,0.0,0.0
348,2020-03-20,2,4,1,5,0,8.7,1.0,1.0,0.0,0.0,0.0,0.0,0.0,0.0,0.0,0.0,0.0,0.0,0.0,0.0,0.0,0.0,0.0,1.0,0.0,0.0,0.0,0.0,0.0
349,2020-03-21,1,5,0,0,1,12.5,23.0,11.0,2.0,5.0,9.0,1.0,5.0,3.0,5.0,0.0,0.0,0.0,0.0,1.0,2.0,0.0,0.0,4.0,2.0,0.0,1.0,0.0,0.0
350,2020-03-21,2,5,0,0,1,12.5,4.0,0.0,0.0,0.0,0.0,0.0,1.0,0.0,0.0,0.0,0.0,0.0,0.0,1.0,0.0,0.0,0.0,1.0,0.0,0.0,0.0,0.0,0.0
351,2020-03-22,1,6,0,0,0,11.8,23.0,4.0,0.0,8.0,2.0,0.0,3.0,0.0,3.0,1.0,0.0,0.0,0.0,0.0,0.0,0.0,0.0,0.0,2.0,2.0,0.0,0.0,0.0
352,2020-03-22,2,6,0,0,0,11.8,1.0,0.0,0.0,2.0,0.0,0.0,0.0,0.0,0.0,1.0,0.0,0.0,0.0,0.0,0.0,0.0,0.0,0.0,0.0,0.0,0.0,0.0,0.0
353,2020-03-23,1,0,0,0,0,10.5,14.0,6.0,0.0,1.0,2.0,1.0,7.0,2.0,4.0,0.0,0.0,0.0,0.0,1.0,3.0,0.0,0.0,1.0,0.0,0.0,1.0,0.0,1.0
354,2020-03-25,1,2,0,0,1,11.8,5.0,3.0,0.0,1.0,3.0,2.0,5.0,2.0,4.0,0.0,0.0,0.0,0.0,0.0,1.0,0.0,0.0,3.0,0.0,0.0,1.0,0.0,0.0
355,2020-03-25,2,2,0,0,1,11.8,11.0,0.0,0.0,1.0,0.0,0.0,0.0,0.0,0.0,0.0,0.0,0.0,0.0,0.0,0.0,1.0,0.0,1.0,0.0,0.0,0.0,0.0,0.0
356,2020-03-26,1,3,0,0,2,14.2,12.0,4.0,1.0,0.0,2.0,1.0,2.0,3.0,3.0,0.0,0.0,0.0,0.0,2.0,1.0,0.0,0.0,0.0,1.0,0.0,0.0,0.0,0.0
357,2020-03-26,2,3,0,0,2,14.2,5.0,0.0,0.0,0.0,1.0,0.0,2.0,0.0,3.0,0.0,0.0,0.0,0.0,0.0,0.0,0.0,0.0,1.0,0.0,0.0,0.0,0.0,0.0
358,2020-03-27,1,4,0,0,2,12.9,4.0,5.0,2.0,1.0,2.0,1.0,3.0,3.0,2.0,0.0,0.0,0.0,0.0,0.0,0.0,1.0,0.0,0.0,2.0,0.0,0.0,0.0,0.0
359,2020-03-27,2,4,0,0,2,12.9,6.0,0.0,0.0,2.0,2.0,0.0,2.0,2.0,2.0,0.0,0.0,0.0,1.0,0.0,0.0,0.0,0.0,0.0,0.0,1.0,0.0,0.0,0.0
360,2020-03-28,1,5,0,0,1,8.3,9.0,4.0,3.0,2.0,5.0,1.0,6.0,2.0,3.0,1.0,0.0,0.0,1.0,0.0,2.0,0.0,1.0,1.0,2.0,0.0,0.0,0.0,0.0
361,2020-03-28,2,5,0,0,1,8.3,1.0,0.0,0.0,0.0,0.0,0.0,0.0,0.0,0.0,0.0,0.0,0.0,0.0,1.0,0.0,1.0,0.0,0.0,0.0,0.0,0.0,0.0,0.0
362,2020-03-29,1,6,0,0,0,8.2,20.0,7.0,3.0,4.0,9.0,2.0,5.0,1.0,4.0,1.0,0.0,0.0,0.0,2.0,1.0,0.0,0.0,2.0,4.0,1.0,0.0,0.0,0.0
363,2020-03-29,2,6,0,0,0,8.2,1.0,0.0,0.0,1.0,0.0,0.0,1.0,0.0,0.0,0.0,0.0,0.0,0.0,0.0,0.0,0.0,0.0,0.0,0.0,0.0,0.0,0.0,0.0
364,2020-03-30,1,0,0,0,0,9.7,9.0,2.0,0.0,0.0,3.0,1.0,4.0,1.0,4.0,1.0,0.0,0.0,0.0,0.0,1.0,0.0,0.0,3.0,2.0,0.0,0.0,0.0,0.0
365,2020-03-30,2,0,0,0,0,9.7,8.0,2.0,0.0,0.0,2.0,0.0,0.0,1.0,1.0,0.0,0.0,0.0,0.0,0.0,0.0,0.0,0.0,0.0,0.0,0.0,0.0,0.0,1.0
366,2020-04-01,1,2,0,0,1,12.0,16.0,3.0,0.0,3.0,2.0,0.0,5.0,1.0,5.0,1.0,0.0,0.0,1.0,1.0,1.0,0.0,1.0,4.0,0.0,3.0,0.0,0.0,0.0
367,2020-04-02,1,3,0,0,0,9.4,16.0,6.0,2.0,0.0,3.0,1.0,5.0,0.0,3.0,1.0,0.0,0.0,0.0,1.0,1.0,0.0,0.0,3.0,0.0,0.0,0.0,0.0,0.0
368,2020-04-02,2,3,0,0,0,9.4,12.0,0.0,0.0,1.0,2.0,0.0,2.0,0.0,2.0,0.0,0.0,0.0,0.0,1.0,0.0,0.0,0.0,0.0,0.0,1.0,0.0,0.0,0.0
369,2020-04-03,1,4,0,0,0,10.0,9.0,6.0,0.0,1.0,4.0,0.0,3.0,3.0,0.0,0.0,0.0,0.0,0.0,0.0,2.0,0.0,0.0,2.0,2.0,0.0,0.0,0.0,0.0
370,2020-04-04,1,5,0,0,0,9.6,7.0,1.0,1.0,1.0,8.0,0.0,1.0,0.0,1.0,0.0,0.0,0.0,0.0,0.0,2.0,1.0,0.0,2.0,3.0,0.0,0.0,0.0,0.0
371,2020-04-04,2,5,0,0,0,9.6,3.0,1.0,0.0,0.0,0.0,0.0,2.0,0.0,0.0,0.0,0.0,0.0,0.0,0.0,0.0,0.0,0.0,0.0,0.0,0.0,0.0,0.0,0.0
372,2020-04-05,1,6,1,3,0,7.6,9.0,6.0,0.0,1.0,3.0,1.0,3.0,4.0,2.0,1.0,0.0,0.0,0.0,2.0,2.0,0.0,0.0,0.0,4.0,1.0,0.0,0.0,0.0
373,2020-04-05,2,6,1,3,0,7.6,5.0,1.0,1.0,0.0,0.0,0.0,1.0,0.0,1.0,0.0,0.0,0.0,0.0,0.0,0.0,0.0,0.0,1.0,0.0,0.0,0.0,0.0,0.0
374,2020-04-06,1,0,0,0,0,9.2,2.0,3.0,0.0,0.0,1.0,0.0,1.0,0.0,1.0,0.0,0.0,0.0,0.0,0.0,0.0,1.0,0.0,1.0,1.0,0.0,0.0,0.0,0.0
375,2020-04-06,2,0,0,0,0,9.2,7.0,2.0,1.0,1.0,1.0,0.0,2.0,0.0,1.0,0.0,0.0,0.0,0.0,1.0,0.0,0.0,0.0,0.0,0.0,1.0,0.0,0.0,0.0
376,2020-04-08,1,2,0,0,0,10.0,12.0,2.0,1.0,3.0,4.0,1.0,6.0,1.0,1.0,0.0,0.0,0.0,0.0,0.0,0.0,1.0,3.0,1.0,4.0,1.0,0.0,0.0,1.0
377,2020-04-08,2,2,0,0,0,10.0,5.0,2.0,0.0,0.0,4.0,1.0,1.0,1.0,0.0,0.0,0.0,0.0,0.0,1.0,0.0,0.0,0.0,0.0,1.0,1.0,0.0,0.0,0.0
378,2020-04-09,1,3,0,0,0,9.4,8.0,4.0,1.0,1.0,4.0,1.0,3.0,2.0,0.0,0.0,0.0,0.0,0.0,2.0,1.0,1.0,0.0,1.0,5.0,0.0,1.0,0.0,1.0
379,2020-04-09,2,3,0,0,0,9.4,2.0,0.0,0.0,1.0,1.0,0.0,1.0,0.0,0.0,0.0,0.0,0.0,1.0,1.0,0.0,0.0,0.0,1.0,0.0,0.0,0.0,0.0,0.0
380,2020-04-10,1,4,0,0,1,10.5,4.0,2.0,0.0,1.0,2.0,0.0,3.0,3.0,1.0,0.0,0.0,0.0,0.0,1.0,0.0,0.0,0.0,1.0,0.0,0.0,0.0,0.0,0.0
381,2020-04-10,2,4,0,0,1,10.5,2.0,2.0,0.0,0.0,1.0,0.0,2.0,1.0,1.0,0.0,0.0,0.0,0.0,1.0,1.0,0.0,0.0,1.0,0.0,1.0,0.0,0.0,0.0
382,2020-04-11,1,5,0,0,1,10.1,3.0,1.0,0.0,0.0,2.0,0.0,6.0,2.0,1.0,1.0,0.0,0.0,0.0,0.0,3.0,0.0,0.0,1.0,1.0,0.0,0.0,0.0,0.0
383,2020-04-11,2,5,0,0,1,10.1,0.0,0.0,0.0,0.0,0.0,0.0,1.0,1.0,0.0,0.0,0.0,0.0,0.0,1.0,0.0,1.0,0.0,0.0,0.0,0.0,0.0,0.0,0.0
384,2020-04-12,1,6,0,0,1,10.0,14.0,4.0,0.0,2.0,2.0,0.0,4.0,4.0,4.0,1.0,0.0,0.0,1.0,0.0,2.0,0.0,0.0,2.0,0.0,0.0,0.0,0.0,0.0
385,2020-04-12,2,6,0,0,1,10.0,2.0,0.0,0.0,0.0,0.0,0.0,0.0,0.0,0.0,0.0,0.0,0.0,0.0,0.0,0.0,1.0,0.0,0.0,0.0,0.0,0.0,0.0,1.0
386,2020-04-13,1,0,0,0,0,12.1,0.0,0.0,0.0,3.0,1.0,0.0,0.0,0.0,0.0,0.0,0.0,0.0,0.0,0.0,1.0,1.0,0.0,0.0,0.0,0.0,0.0,0.0,0.0
387,2020-04-13,2,0,0,0,0,12.1,1.0,0.0,0.0,1.0,0.0,1.0,1.0,0.0,0.0,0.0,0.0,0.0,0.0,0.0,0.0,0.0,0.0,0.0,0.0,0.0,1.0,0.0,0.0
388,2020-04-15,1,2,1,4,0,12.9,11.0,3.0,0.0,4.0,1.0,1.0,2.0,2.0,2.0,0.0,0.0,0.0,0.0,1.0,1.0,0.0,0.0,1.0,1.0,0.0,0.0,0.0,0.0
389,2020-04-15,2,2,1,4,0,12.9,5.0,0.0,0.0,1.0,1.0,0.0,0.0,0.0,1.0,1.0,0.0,0.0,0.0,1.0,0.0,0.0,0.0,1.0,1.0,1.0,0.0,0.0,0.0
390,2020-04-16,1,3,0,0,0,15.4,5.0,3.0,0.0,0.0,0.0,1.0,1.0,0.0,0.0,1.0,0.0,0.0,0.0,1.0,1.0,0.0,0.0,2.0,2.0,1.0,0.0,0.0,0.0
391,2020-04-16,2,3,0,0,0,15.4,1.0,0.0,0.0,0.0,0.0,0.0,0.0,1.0,0.0,0.0,0.0,0.0,0.0,0.0,0.0,0.0,0.0,0.0,0.0,0.0,0.0,0.0,2.0
392,2020-04-17,1,4,0,0,2,13.0,7.0,3.0,0.0,1.0,1.0,0.0,3.0,0.0,0.0,0.0,0.0,0.0,0.0,0.0,0.0,0.0,0.0,4.0,0.0,0.0,0.0,0.0,0.0
393,2020-04-17,2,4,0,0,2,13.0,4.0,1.0,0.0,0.0,2.0,0.0,1.0,0.0,0.0,1.0,0.0,0.0,1.0,0.0,0.0,0.0,0.0,0.0,1.0,0.0,0.0,0.0,0.0
394,2020-04-18,1,5,0,0,2,13.8,15.0,5.0,2.0,4.0,6.0,2.0,7.0,2.0,3.0,0.0,0.0,0.0,0.0,1.0,1.0,1.0,1.0,2.0,1.0,3.0,1.0,0.0,1.0
395,2020-04-19,1,6,0,0,2,12.6,9.0,0.0,0.0,2.0,0.0,2.0,0.0,2.0,1.0,0.0,0.0,0.0,0.0,0.0,0.0,0.0,0.0,1.0,0.0,0.0,0.0,0.0,0.0
396,2020-04-19,2,6,0,0,2,12.6,6.0,2.0,0.0,0.0,0.0,0.0,2.0,1.0,0.0,0.0,0.0,0.0,0.0,0.0,0.0,0.0,0.0,0.0,1.0,0.0,0.0,0.0,0.0
397,2020-04-20,1,0,0,0,2,10.8,12.0,3.0,2.0,0.0,8.0,0.0,4.0,0.0,6.0,0.0,0.0,0.0,0.0,2.0,0.0,0.0,0.0,5.0,0.0,1.0,0.0,0.0,0.0
398,2020-04-22,1,2,0,0,4,6.8,16.0,3.0,0.0,0.0,3.0,0.0,4.0,2.0,8.0,1.0,0.0,0.0,0.0,0.0,3.0,0.0,0.0,0.0,1.0,0.0,0.0,0.0,0.0
399,2020-04-22,2,2,0,0,4,6.8,3.0,0.0,0.0,0.0,2.0,0.0,1.0,0.0,0.0,0.0,0.0,0.0,0.0,0.0,0.0,0.0,0.0,0.0,0.0,0.0,0.0,0.0,0.0
400,2020-04-23,1,3,0,0,0,8.7,6.0,3.0,0.0,1.0,2.0,1.0,2.0,1.0,4.0,0.0,0.0,0.0,0.0,0.0,0.0,0.0,0.0,2.0,1.0,0.0,0.0,0.0,0.0
401,2020-04-23,2,3,0,0,0,8.7,1.0,1.0,0.0,0.0,1.0,0.0,1.0,0.0,4.0,1.0,0.0,0.0,0.0,0.0,4.0,0.0,0.0,0.0,0.0,0.0,0.0,0.0,0.0
402,2020-04-24,1,4,0,0,0,10.2,7.0,2.0,0.0,2.0,1.0,1.0,5.0,2.0,0.0,1.0,0.0,0.0,0.0,0.0,1.0,0.0,0.0,3.0,0.0,0.0,0.0,0.0,0.0
403,2020-04-24,2,4,0,0,0,10.2,1.0,1.0,0.0,0.0,0.0,0.0,1.0,1.0,0.0,2.0,0.0,0.0,1.0,0.0,0.0,0.0,0.0,0.0,2.0,0.0,0.0,0.0,0.0
404,2020-04-25,1,5,0,0,1,13.9,17.0,6.0,1.0,2.0,6.0,3.0,6.0,2.0,4.0,2.0,0.0,0.0,0.0,0.0,8.0,0.0,0.0,3.0,3.0,0.0,0.0,0.0,1.0
405,2020-04-25,2,5,0,0,1,13.9,1.0,0.0,0.0,0.0,0.0,0.0,0.0,0.0,0.0,0.0,0.0,0.0,0.0,0.0,0.0,0.0,0.0,1.0,0.0,1.0,0.0,0.0,0.0
406,2020-04-26,1,6,0,0,0,12.6,19.0,6.0,2.0,2.0,8.0,0.0,4.0,0.0,3.0,1.0,0.0,0.0,0.0,0.0,1.0,0.0,0.0,2.0,5.0,1.0,0.0,0.0,1.0
407,2020-04-26,2,6,0,0,0,12.6,1.0,0.0,0.0,2.0,1.0,0.0,0.0,1.0,0.0,0.0,0.0,0.0,0.0,0.0,0.0,0.0,0.0,0.0,2.0,0.0,0.0,0.0,0.0
408,2020-04-27,1,0,0,0,1,13.1,8.0,5.0,1.0,3.0,7.0,1.0,7.0,3.0,4.0,0.0,0.0,0.0,1.0,0.0,0.0,0.0,0.0,3.0,1.0,0.0,0.0,0.0,0.0
409,2020-04-27,2,0,0,0,1,13.1,3.0,2.0,0.0,0.0,1.0,0.0,1.0,3.0,2.0,0.0,0.0,0.0,0.0,2.0,0.0,0.0,0.0,0.0,0.0,0.0,0.0,0.0,0.0
410,2020-04-29,1,2,0,0,0,14.8,4.0,6.0,0.0,0.0,1.0,0.0,2.0,0.0,1.0,0.0,0.0,0.0,0.0,0.0,1.0,0.0,0.0,1.0,0.0,0.0,0.0,0.0,0.0
411,2020-04-29,2,2,0,0,0,14.8,3.0,1.0,0.0,1.0,1.0,0.0,2.0,0.0,0.0,0.0,0.0,0.0,1.0,0.0,0.0,0.0,0.0,0.0,0.0,0.0,0.0,0.0,0.0
412,2020-04-30,1,3,1,4,1,16.5,5.0,2.0,0.0,1.0,1.0,0.0,4.0,1.0,2.0,0.0,0.0,0.0,0.0,1.0,1.0,0.0,0.0,1.0,3.0,0.0,0.0,0.0,0.0
413,2020-04-30,2,3,1,4,1,16.5,2.0,1.0,0.0,1.0,0.0,0.0,0.0,1.0,0.0,1.0,0.0,0.0,0.0,0.0,0.0,0.0,0.0,1.0,0.0,0.0,0.0,0.0,0.0
414,2020-05-01,1,4,1,1,1,20.5,14.0,3.0,0.0,4.0,4.0,1.0,4.0,1.0,3.0,1.0,0.0,0.0,0.0,0.0,0.0,0.0,0.0,3.0,1.0,0.0,0.0,0.0,1.0
415,2020-05-01,2,4,1,1,1,20.5,1.0,1.0,0.0,0.0,1.0,0.0,2.0,0.0,0.0,1.0,0.0,0.0,0.0,0.0,0.0,0.0,0.0,0.0,0.0,0.0,0.0,0.0,0.0
416,2020-05-02,1,5,0,0,1,20.8,4.0,1.0,0.0,1.0,1.0,1.0,3.0,1.0,2.0,0.0,0.0,0.0,0.0,0.0,0.0,2.0,0.0,1.0,0.0,1.0,1.0,0.0,0.0
